firstname,lastname,years,team,manager,skills,email
Christy,Rodmann,44,Developers,FALSE,"js,react",Christy.Rodmann@mailmail.com
Linet,Valerio,11,Recruitment,FALSE,react,Linet.Valerio@mailmail.com
Binny,Francene,74,Developers,TRUE,"ts,react",Binny.Francene@mailmail.com
Gui,Morehouse,98,developer,NO,"ts,javascript,js",Gui.Morehouse@mailmail.com
Gusella,Oneida,28,,TRUE,"ts,react",Gusella.Oneida@mailmail.com
Elsie,Lilybelle,28,Recruitment,FALSE,"java,typescript,typescript",Elsie.Lilybelle@mailmail.com
Janis,Genna,80,worker,FALSE,"python,py,react",Janis.Genna@mailmail.com
Maisey,Lea,36,HR,TRUE,"react,react,typescript",Maisey.Lea@mailmail.com
Emelina,Cosenza,96,,TRUE,"react,python",Emelina.Cosenza@mailmail.com
Paola,Eugenia,7,HR,TRUE,py,Paola.Eugenia@mailmail.com
Evita,Hathaway,I love pizza,terminated,Yes,"python,java,typescript",Evita.Hathaway@mailmail.com
Ethel,Agle,39,HR,FALSE,"javascript,javascript,py",Ethel.Agle@mailmail.com
Katharina,Yoko,3,Recruitment,TRUE,"ts,ts",Katharina.Yoko@mailmail.com
Kerrin,Drus,41,Developers,FALSE,"typescript,javascript",Kerrin.Drus@mailmail.com
Marita,Sibyls,19,developer,TRUE,"ts,java",Marita.Sibyls@mailmail.com
Maryellen,Faust,54,Developers,TRUE,"python,js",Maryellen.Faust@mailmail.com
Bernie,Clara,64,Developers,TRUE,"java,js",Bernie.Clara@mailmail.com
Jinny,Keelia,87,Recruitment,FALSE,"js,typescript,py",Jinny.Keelia@mailmail.com
Tamqrah,Bach,97,worker,FALSE,py,Tamqrah.Bach@mailmail.com
Netty,Hermes,73,HR,TRUE,"java,py",Netty.Hermes@mailmail.com
Joleen,O'Carroll,6,HR,FALSE,"typescript,react",Joleen.O'Carroll@mailmail.com
Phedra,Tengdin,92,HR,TRUE,py,Phedra.Tengdin@mailmail.com
Susette,Cookie,2,developer,TRUE,react,Susette.Cookie@mailmail.com
Paule,Garlinda,1,worker,FALSE,"py,java",Paule.Garlinda@mailmail.com
Lynnea,Lubin,79,Recruitment,TRUE,"ts,python",Lynnea.Lubin@mailmail.com
Florencia,McNully,23,Developers,TRUE,ts,Florencia.McNully@mailmail.com
Jacquetta,Drisko,6,Developers,TRUE,"typescript,javascript,ts",Jacquetta.Drisko@mailmail.com
Willetta,Tjon,48,developer,FALSE,"python,react",Willetta.Tjon@mailmail.com
Annabela,Brieta,73,Recruitment,TRUE,py,Annabela.Brieta@mailmail.com
Wynne,Parette,1,HR,TRUE,"typescript,js,javascript",Wynne.Parette@mailmail.com
Julieta,Olympium,94,Developers,FALSE,python,Julieta.Olympium@mailmail.com
Fidelia,Abernon,62,HR,FALSE,"typescript,python",Fidelia.Abernon@mailmail.com
Dominga,Tufts,11,Recruitment,TRUE,"react,react,javascript",Dominga.Tufts@mailmail.com
Berta,Hazlett,95,Developers,TRUE,"ts,react,js",Berta.Hazlett@mailmail.com
Nadine,Fitzsimmons,47,Developers,FALSE,"ts,py,typescript",Nadine.Fitzsimmons@mailmail.com
Angela,McCutcheon,85,worker,FALSE,"python,py",Angela.McCutcheon@mailmail.com
Benita,Sallyann,13,HR,FALSE,"js,js",Benita.Sallyann@mailmail.com
Lila,Valerio,58,Recruitment,TRUE,javascript,Lila.Valerio@mailmail.com
Gusella,Chrystel,80,Developers,TRUE,"typescript,ts",Gusella.Chrystel@mailmail.com
Andree,Stanwood,81,HR,TRUE,python,Andree.Stanwood@mailmail.com
Gavrielle,Seumas,100,HR,TRUE,"java,python,java",Gavrielle.Seumas@mailmail.com
Vere,Swigart,62,Recruitment,FALSE,"react,ts,ts",Vere.Swigart@mailmail.com
Belinda,Bluh,31,developer,TRUE,python,Belinda.Bluh@mailmail.com
Phedra,Strephon,17,Recruitment,FALSE,"javascript,typescript,ts",Phedra.Strephon@mailmail.com
Sibella,Gert,95,worker,TRUE,"java,js,typescript",Sibella.Gert@mailmail.com
Rani,Rosalba,97,HR,FALSE,java,Rani.Rosalba@mailmail.com
Brynna,Manolo,28,Recruitment,FALSE,java,Brynna.Manolo@mailmail.com
Rori,Gaynor,58,developer,FALSE,js,Rori.Gaynor@mailmail.com
Rivalee,Zola,95,Developers,FALSE,"typescript,react,javascript",Rivalee.Zola@mailmail.com
Emelina,Raffo,23,developer,FALSE,"react,python",Emelina.Raffo@mailmail.com
Margette,Koziara,80,HR,FALSE,"py,typescript,typescript",Margette.Koziara@mailmail.com
Rivalee,Nunci,25,developer,FALSE,ts,Rivalee.Nunci@mailmail.com
Allyce,Monk,80,Recruitment,TRUE,javascript,Allyce.Monk@mailmail.com
Barbi,Sadowski,38,HR,TRUE,"java,python",Barbi.Sadowski@mailmail.com
Micheline,Ardra,36,HR,FALSE,"py,react,typescript",Micheline.Ardra@mailmail.com
Nonnah,Prouty,2,Developers,TRUE,ts,Nonnah.Prouty@mailmail.com
Harrietta,Yam,10,developer,FALSE,"java,js",Harrietta.Yam@mailmail.com
Desirae,Ralfston,60,worker,TRUE,"ts,javascript",Desirae.Ralfston@mailmail.com
Mellicent,Alice,66,Developers,FALSE,"java,py,java",Mellicent.Alice@mailmail.com
Talya,Eliathas,91,developer,FALSE,"python,javascript",Talya.Eliathas@mailmail.com
Vanessa,Longfellow,20,Recruitment,TRUE,"java,react,python",Vanessa.Longfellow@mailmail.com
Glynnis,Jagir,71,HR,TRUE,ts,Glynnis.Jagir@mailmail.com
Fernande,Chick,99,HR,TRUE,python,Fernande.Chick@mailmail.com
Kylynn,Loeb,89,developer,TRUE,"react,typescript",Kylynn.Loeb@mailmail.com
Deedee,Goldina,59,developer,FALSE,"react,python,ts",Deedee.Goldina@mailmail.com
Sybille,Philipp,43,Developers,FALSE,ts,Sybille.Philipp@mailmail.com
Winny,Holtz,61,Recruitment,TRUE,"py,js",Winny.Holtz@mailmail.com
Valli,Mullane,32,HR,TRUE,"py,java",Valli.Mullane@mailmail.com
Madalyn,Engdahl,3,worker,TRUE,"java,ts,java",Madalyn.Engdahl@mailmail.com
Beatriz,Azeria,47,Developers,FALSE,javascript,Beatriz.Azeria@mailmail.com
Joleen,Naashom,3,developer,TRUE,py,Joleen.Naashom@mailmail.com
Meg,Latini,16,Developers,TRUE,"java,typescript",Meg.Latini@mailmail.com
Benita,Mathilde,58,worker,TRUE,"ts,py",Benita.Mathilde@mailmail.com
Brianna,Nance,2,worker,TRUE,java,Brianna.Nance@mailmail.com
Yolane,Rosette,98,HR,TRUE,"typescript,typescript,java",Yolane.Rosette@mailmail.com
Myriam,Lindemann,49,worker,TRUE,"typescript,typescript,ts",Myriam.Lindemann@mailmail.com
Lelah,Iiette,32,developer,TRUE,"python,python",Lelah.Iiette@mailmail.com
Cathyleen,Candy,20,Recruitment,TRUE,"ts,js",Cathyleen.Candy@mailmail.com
Angela,Emmaline,89,developer,TRUE,python,Angela.Emmaline@mailmail.com
Celestyna,Rurik,17,Developers,TRUE,"react,typescript",Celestyna.Rurik@mailmail.com
Brynna,Sholley,78,Recruitment,FALSE,"ts,ts,python",Brynna.Sholley@mailmail.com
Glynnis,Raul,40,developer,FALSE,"javascript,js",Glynnis.Raul@mailmail.com
Jillayne,Tound,87,Recruitment,FALSE,"js,java,react",Jillayne.Tound@mailmail.com
Edyth,Loeb,5,Developers,TRUE,"js,ts,java",Edyth.Loeb@mailmail.com
Valera,Kalinda,43,developer,TRUE,"py,javascript,react",Valera.Kalinda@mailmail.com
Vere,Aldric,79,Recruitment,TRUE,js,Vere.Aldric@mailmail.com
Averyl,Aldric,36,Recruitment,TRUE,"react,java",Averyl.Aldric@mailmail.com
Charissa,Vivle,72,worker,FALSE,java,Charissa.Vivle@mailmail.com
Fina,Bettine,85,worker,TRUE,"javascript,js",Fina.Bettine@mailmail.com
Clementine,Lay,78,Recruitment,FALSE,"python,python",Clementine.Lay@mailmail.com
Cathyleen,Bartlett,46,Developers,TRUE,javascript,Cathyleen.Bartlett@mailmail.com
Blondelle,Casimir,62,HR,TRUE,"ts,java",Blondelle.Casimir@mailmail.com
Sheelagh,Chauncey,9,HR,TRUE,python,Sheelagh.Chauncey@mailmail.com
Lexine,Sherrie,5,developer,TRUE,typescript,Lexine.Sherrie@mailmail.com
Wileen,Teddman,71,Developers,TRUE,"ts,java,javascript",Wileen.Teddman@mailmail.com
Mara,Rad,85,worker,TRUE,"javascript,react,ts",Mara.Rad@mailmail.com
Bobinette,Denis,91,Recruitment,TRUE,javascript,Bobinette.Denis@mailmail.com
Chloris,Even,82,Developers,TRUE,javascript,Chloris.Even@mailmail.com
Jasmina,Wattenberg,29,Recruitment,TRUE,js,Jasmina.Wattenberg@mailmail.com
Celene,Desai,13,HR,FALSE,"py,python",Celene.Desai@mailmail.com
Corly,Parsaye,85,Developers,FALSE,typescript,Corly.Parsaye@mailmail.com
Delilah,Timon,4,Developers,FALSE,"typescript,js,react",Delilah.Timon@mailmail.com
Violet,Girardo,49,Recruitment,FALSE,"javascript,javascript",Violet.Girardo@mailmail.com
Josephine,Chesna,81,Developers,FALSE,"javascript,typescript",Josephine.Chesna@mailmail.com
Babita,Bevin,61,Recruitment,FALSE,python,Babita.Bevin@mailmail.com
Brena,Croix,50,worker,TRUE,"python,ts,java",Brena.Croix@mailmail.com
Elie,Sholley,50,HR,TRUE,"java,react",Elie.Sholley@mailmail.com
Kathy,Arvo,37,Developers,TRUE,"react,py,java",Kathy.Arvo@mailmail.com
Nyssa,Fontana,12,Recruitment,TRUE,"java,react",Nyssa.Fontana@mailmail.com
Ira,Emerson,13,developer,FALSE,"js,typescript",Ira.Emerson@mailmail.com
Deirdre,Breed,85,worker,TRUE,"ts,react",Deirdre.Breed@mailmail.com
Chandra,Nisbet,15,HR,TRUE,javascript,Chandra.Nisbet@mailmail.com
Valera,Blake,65,developer,TRUE,"js,javascript",Valera.Blake@mailmail.com
Constance,Telfer,44,HR,TRUE,"javascript,js,python",Constance.Telfer@mailmail.com
Janey,Wattenberg,70,worker,FALSE,javascript,Janey.Wattenberg@mailmail.com
Edee,Jerald,57,Recruitment,TRUE,"react,js,ts",Edee.Jerald@mailmail.com
Yvonne,Olnee,70,Developers,TRUE,py,Yvonne.Olnee@mailmail.com
Annice,Decato,72,Recruitment,TRUE,"ts,ts,python",Annice.Decato@mailmail.com
Jinny,Chinua,99,developer,FALSE,python,Jinny.Chinua@mailmail.com
Oona,Catie,6,worker,TRUE,"js,react",Oona.Catie@mailmail.com
Darci,Bryna,96,Developers,FALSE,"js,javascript",Darci.Bryna@mailmail.com
Merrie,Jillane,27,Developers,FALSE,py,Merrie.Jillane@mailmail.com
Dania,Emmy,1,Recruitment,FALSE,"python,javascript,java",Dania.Emmy@mailmail.com
Sybille,Thunell,98,worker,FALSE,"python,python",Sybille.Thunell@mailmail.com
Queenie,Brodench,33,Recruitment,FALSE,ts,Queenie.Brodench@mailmail.com
Shandie,Koziara,17,Recruitment,TRUE,"ts,java,python",Shandie.Koziara@mailmail.com
Amelia,Margarete,30,worker,FALSE,java,Amelia.Margarete@mailmail.com
Gianina,Seligman,88,Recruitment,TRUE,"js,js",Gianina.Seligman@mailmail.com
Latisha,Rolf,21,worker,FALSE,"py,javascript",Latisha.Rolf@mailmail.com
Blake,Friede,32,Developers,FALSE,react,Blake.Friede@mailmail.com
Heddie,Barbey,14,worker,FALSE,"py,ts,ts",Heddie.Barbey@mailmail.com
Laure,Ricki,72,HR,TRUE,"python,java,java",Laure.Ricki@mailmail.com
Jacenta,Fink,43,Recruitment,FALSE,"ts,js,java",Jacenta.Fink@mailmail.com
Lacie,Braun,74,developer,FALSE,"react,ts",Lacie.Braun@mailmail.com
Abbie,Fancie,18,HR,TRUE,react,Abbie.Fancie@mailmail.com
Correy,Cleo,67,HR,TRUE,"javascript,java",Correy.Cleo@mailmail.com
Ericka,Granoff,69,developer,TRUE,"java,python,ts",Ericka.Granoff@mailmail.com
Lenna,Cassius,45,Developers,TRUE,"ts,ts,typescript",Lenna.Cassius@mailmail.com
Gusty,Nisbet,38,HR,TRUE,"javascript,ts",Gusty.Nisbet@mailmail.com
Shannah,Yuille,26,Developers,FALSE,"python,java,javascript",Shannah.Yuille@mailmail.com
Tiffie,Virgin,61,HR,FALSE,"java,javascript,python",Tiffie.Virgin@mailmail.com
Penelopa,Pitt,23,HR,TRUE,python,Penelopa.Pitt@mailmail.com
Florie,Danby,99,Recruitment,FALSE,typescript,Florie.Danby@mailmail.com
Elora,Rocray,97,Developers,FALSE,"javascript,py",Elora.Rocray@mailmail.com
Cyb,Japeth,53,HR,FALSE,ts,Cyb.Japeth@mailmail.com
Cristine,Lanita,4,Recruitment,TRUE,python,Cristine.Lanita@mailmail.com
Sharlene,Mayeda,9,Recruitment,TRUE,"python,javascript,javascript",Sharlene.Mayeda@mailmail.com
Myrtice,Roarke,25,developer,FALSE,java,Myrtice.Roarke@mailmail.com
Moyna,Nester,52,developer,FALSE,"py,py",Moyna.Nester@mailmail.com
Ninnetta,Isacco,68,Recruitment,TRUE,"python,py",Ninnetta.Isacco@mailmail.com
Perry,Ilka,91,HR,FALSE,"javascript,react,typescript",Perry.Ilka@mailmail.com
Tonia,Edee,33,developer,FALSE,"java,js,react",Tonia.Edee@mailmail.com
Sibella,Merriott,56,HR,TRUE,java,Sibella.Merriott@mailmail.com
Anallese,Clara,65,Recruitment,TRUE,"java,python,py",Anallese.Clara@mailmail.com
Steffane,Jobi,84,Developers,TRUE,react,Steffane.Jobi@mailmail.com
Brianna,Ferino,2,HR,FALSE,"typescript,js",Brianna.Ferino@mailmail.com
Nerta,Capello,34,Recruitment,TRUE,"java,react",Nerta.Capello@mailmail.com
Harmonia,Abernon,3,developer,FALSE,"java,java,java",Harmonia.Abernon@mailmail.com
Genovera,Craggie,93,HR,TRUE,"react,ts",Genovera.Craggie@mailmail.com
Jsandye,Margret,86,Recruitment,TRUE,python,Jsandye.Margret@mailmail.com
Anestassia,Mandler,16,developer,FALSE,"ts,ts,java",Anestassia.Mandler@mailmail.com
Blinni,Ranjiv,29,Recruitment,TRUE,"py,py",Blinni.Ranjiv@mailmail.com
Marti,Whiffen,58,Recruitment,TRUE,typescript,Marti.Whiffen@mailmail.com
Annabela,Gert,24,Developers,FALSE,"js,typescript",Annabela.Gert@mailmail.com
Layla,Tannie,86,Recruitment,TRUE,"react,javascript",Layla.Tannie@mailmail.com
Liana,Marijo,47,worker,FALSE,"javascript,java",Liana.Marijo@mailmail.com
Deirdre,Kimmie,64,HR,TRUE,"typescript,ts,py",Deirdre.Kimmie@mailmail.com
Evaleen,Stephie,11,Recruitment,TRUE,"typescript,javascript",Evaleen.Stephie@mailmail.com
Gui,Millda,71,HR,FALSE,java,Gui.Millda@mailmail.com
Marti,Weaks,86,Recruitment,TRUE,"typescript,py",Marti.Weaks@mailmail.com
Gisela,Berne,46,HR,FALSE,"js,python",Gisela.Berne@mailmail.com
Georgetta,Tomasina,99,Recruitment,FALSE,java,Georgetta.Tomasina@mailmail.com
Nita,Gabrielli,30,HR,TRUE,java,Nita.Gabrielli@mailmail.com
Jaime,Woodberry,70,Recruitment,TRUE,java,Jaime.Woodberry@mailmail.com
Dawn,Carbo,100,worker,FALSE,javascript,Dawn.Carbo@mailmail.com
Marguerite,Rossner,18,Developers,FALSE,python,Marguerite.Rossner@mailmail.com
Maud,Alfons,52,Recruitment,FALSE,react,Maud.Alfons@mailmail.com
Gratia,Carlson,29,Recruitment,TRUE,js,Gratia.Carlson@mailmail.com
Feliza,Stacy,94,HR,FALSE,"typescript,py",Feliza.Stacy@mailmail.com
Elora,Jacqui,75,HR,FALSE,"typescript,typescript",Elora.Jacqui@mailmail.com
Moyna,Nelsen,95,HR,FALSE,"react,typescript,typescript",Moyna.Nelsen@mailmail.com
Ardeen,Tiffa,78,Developers,TRUE,react,Ardeen.Tiffa@mailmail.com
Leanna,Tayib,87,developer,FALSE,javascript,Leanna.Tayib@mailmail.com
Myrtice,Lilybelle,67,worker,FALSE,"react,react,typescript",Myrtice.Lilybelle@mailmail.com
Nananne,Demitria,52,Recruitment,TRUE,"js,ts",Nananne.Demitria@mailmail.com
Sandie,Irmine,3,worker,TRUE,"react,java",Sandie.Irmine@mailmail.com
Rosaline,Dorothy,75,Developers,TRUE,python,Rosaline.Dorothy@mailmail.com
Sabina,Alrich,95,HR,FALSE,"react,ts",Sabina.Alrich@mailmail.com
Danny,Weaks,5,HR,TRUE,"python,python,ts",Danny.Weaks@mailmail.com
Arlena,Dannye,9,HR,FALSE,"ts,py,java",Arlena.Dannye@mailmail.com
Evita,Suk,90,developer,FALSE,javascript,Evita.Suk@mailmail.com
Mallory,Gaspard,44,worker,FALSE,"typescript,js,py",Mallory.Gaspard@mailmail.com
Renae,Ajay,72,Developers,TRUE,"js,py,typescript",Renae.Ajay@mailmail.com
Kial,Malvino,51,Recruitment,TRUE,react,Kial.Malvino@mailmail.com
Damaris,Ellerey,31,Developers,TRUE,"ts,react,py",Damaris.Ellerey@mailmail.com
Mallory,Fillbert,69,Recruitment,TRUE,"javascript,js",Mallory.Fillbert@mailmail.com
Madeleine,Hollingsworth,25,Developers,FALSE,"react,javascript,ts",Madeleine.Hollingsworth@mailmail.com
Mignon,Linskey,42,developer,FALSE,java,Mignon.Linskey@mailmail.com
Jaclyn,Lanita,89,developer,TRUE,ts,Jaclyn.Lanita@mailmail.com
Shannah,Nea,100,Recruitment,TRUE,"react,py,java",Shannah.Nea@mailmail.com
Ruthe,Madaih,99,Recruitment,TRUE,"py,ts,java",Ruthe.Madaih@mailmail.com
Edee,Berne,80,HR,FALSE,"ts,ts",Edee.Berne@mailmail.com
Jordan,Robertson,44,developer,FALSE,"react,javascript",Jordan.Robertson@mailmail.com
Albertina,Kalinda,7,Developers,FALSE,"py,typescript",Albertina.Kalinda@mailmail.com
Antonietta,Campball,40,HR,FALSE,python,Antonietta.Campball@mailmail.com
Codie,Edvard,50,Developers,TRUE,"typescript,react",Codie.Edvard@mailmail.com
Desirae,Judye,26,Developers,FALSE,"java,python",Desirae.Judye@mailmail.com
Deloria,Lytton,69,HR,TRUE,react,Deloria.Lytton@mailmail.com
Penelopa,Vary,83,Developers,FALSE,"java,java",Penelopa.Vary@mailmail.com
Ernesta,Bonilla,6,HR,TRUE,"ts,python",Ernesta.Bonilla@mailmail.com
Belinda,Breed,43,worker,TRUE,"typescript,javascript,javascript",Belinda.Breed@mailmail.com
Amara,Celestine,87,worker,FALSE,"ts,typescript",Amara.Celestine@mailmail.com
Liana,Cherianne,93,Developers,FALSE,js,Liana.Cherianne@mailmail.com
Pollyanna,Horan,83,developer,FALSE,"javascript,py,react",Pollyanna.Horan@mailmail.com
Gertrud,Rozanna,40,Developers,TRUE,"react,javascript,typescript",Gertrud.Rozanna@mailmail.com
Netty,Donoghue,30,Recruitment,TRUE,"java,py",Netty.Donoghue@mailmail.com
Rivalee,Kelula,83,HR,TRUE,"ts,js",Rivalee.Kelula@mailmail.com
Melisent,Ariella,19,Developers,FALSE,"javascript,typescript,py",Melisent.Ariella@mailmail.com
Charlena,Edmund,40,developer,FALSE,"java,javascript",Charlena.Edmund@mailmail.com
Blinni,Carleen,35,worker,FALSE,"typescript,py,javascript",Blinni.Carleen@mailmail.com
Constance,Toor,66,Recruitment,TRUE,"js,react",Constance.Toor@mailmail.com
Elora,Lilas,29,developer,FALSE,"py,javascript,javascript",Elora.Lilas@mailmail.com
Bobinette,Bertold,71,Recruitment,TRUE,"python,ts",Bobinette.Bertold@mailmail.com
Elsie,Azeria,13,Recruitment,TRUE,"python,ts",Elsie.Azeria@mailmail.com
Merry,Hull,3,Developers,TRUE,"typescript,java,javascript",Merry.Hull@mailmail.com
Kirstin,Andrel,48,worker,FALSE,"ts,react",Kirstin.Andrel@mailmail.com
Aaren,Astra,70,Recruitment,TRUE,"java,javascript",Aaren.Astra@mailmail.com
Christy,Travax,75,HR,TRUE,"ts,react,typescript",Christy.Travax@mailmail.com
Caressa,Malvino,35,Developers,FALSE,javascript,Caressa.Malvino@mailmail.com
Tobe,Ammann,4,Developers,TRUE,"typescript,react,ts",Tobe.Ammann@mailmail.com
Melina,Chaing,4,developer,TRUE,"js,py,react",Melina.Chaing@mailmail.com
Olwen,Lewes,47,developer,FALSE,typescript,Olwen.Lewes@mailmail.com
Dotty,Wandie,45,Recruitment,FALSE,"javascript,py",Dotty.Wandie@mailmail.com
Sharai,Sikorski,39,Recruitment,FALSE,"js,react,js",Sharai.Sikorski@mailmail.com
Peri,Presber,89,Developers,TRUE,"javascript,typescript,java",Peri.Presber@mailmail.com
Michaelina,Suanne,16,worker,FALSE,"react,react,python",Michaelina.Suanne@mailmail.com
Beverley,Buckler,7,worker,FALSE,"typescript,javascript,javascript",Beverley.Buckler@mailmail.com
Annabela,Ingra,86,Recruitment,FALSE,python,Annabela.Ingra@mailmail.com
Suzette,Rhu,50,Recruitment,FALSE,"javascript,javascript,java",Suzette.Rhu@mailmail.com
Christy,Ader,3,worker,FALSE,"java,java",Christy.Ader@mailmail.com
Albertina,Lytton,99,HR,TRUE,ts,Albertina.Lytton@mailmail.com
Feliza,Bahr,63,HR,FALSE,js,Feliza.Bahr@mailmail.com
Deane,Georgy,74,Recruitment,TRUE,"javascript,typescript,python",Deane.Georgy@mailmail.com
Fina,Allina,84,HR,TRUE,"java,python,python",Fina.Allina@mailmail.com
Cherrita,Wiener,58,Developers,TRUE,typescript,Cherrita.Wiener@mailmail.com
Robbi,Ophelia,83,worker,TRUE,"java,py,js",Robbi.Ophelia@mailmail.com
Millie,Kannry,93,worker,TRUE,"typescript,javascript",Millie.Kannry@mailmail.com
Kaia,Roche,18,worker,FALSE,"react,py,typescript",Kaia.Roche@mailmail.com
Mara,Billye,13,developer,FALSE,javascript,Mara.Billye@mailmail.com
Justinn,Seessel,39,HR,TRUE,"react,react",Justinn.Seessel@mailmail.com
Thalia,Madelene,33,developer,TRUE,js,Thalia.Madelene@mailmail.com
Krystle,Bonucci,83,developer,TRUE,ts,Krystle.Bonucci@mailmail.com
Dotty,Tillford,89,worker,TRUE,python,Dotty.Tillford@mailmail.com
Barbara,Sophronia,40,HR,FALSE,"py,typescript",Barbara.Sophronia@mailmail.com
Beth,Riva,16,worker,FALSE,typescript,Beth.Riva@mailmail.com
Keelia,Desai,91,developer,FALSE,"java,typescript,py",Keelia.Desai@mailmail.com
Josephine,Pond,8,worker,FALSE,"javascript,ts",Josephine.Pond@mailmail.com
Jobi,Malina,73,HR,TRUE,py,Jobi.Malina@mailmail.com
Flo,Hailee,13,Recruitment,FALSE,"js,javascript",Flo.Hailee@mailmail.com
Celisse,Edmund,98,Recruitment,FALSE,javascript,Celisse.Edmund@mailmail.com
Vonny,Hepsibah,65,Developers,FALSE,ts,Vonny.Hepsibah@mailmail.com
Laurene,Autrey,50,HR,FALSE,"javascript,py,ts",Laurene.Autrey@mailmail.com
Max,Nicoline,64,Developers,TRUE,"typescript,react",Max.Nicoline@mailmail.com
Rhea,Angelis,100,HR,TRUE,"js,ts",Rhea.Angelis@mailmail.com
Cathie,Kiyoshi,89,Recruitment,TRUE,"react,java,react",Cathie.Kiyoshi@mailmail.com
Lorne,Nicoline,89,Recruitment,FALSE,"py,java,java",Lorne.Nicoline@mailmail.com
Zaria,Oscar,74,HR,FALSE,python,Zaria.Oscar@mailmail.com
Dennie,Howlyn,84,worker,FALSE,"python,typescript",Dennie.Howlyn@mailmail.com
Bee,Nore,2,developer,TRUE,react,Bee.Nore@mailmail.com
Vivia,Barbey,14,Developers,FALSE,"python,py,java",Vivia.Barbey@mailmail.com
Sidoney,Gordon,59,developer,FALSE,"ts,js,ts",Sidoney.Gordon@mailmail.com
Randa,Brittani,12,developer,TRUE,"python,js,react",Randa.Brittani@mailmail.com
Selma,Audly,61,developer,TRUE,"javascript,java,py",Selma.Audly@mailmail.com
Elsie,Bashemeth,6,worker,TRUE,"java,py,js",Elsie.Bashemeth@mailmail.com
Lacie,Koziara,40,Developers,TRUE,"js,typescript,python",Lacie.Koziara@mailmail.com
Edee,Ingra,34,Recruitment,TRUE,java,Edee.Ingra@mailmail.com
Nataline,Codding,62,worker,FALSE,"ts,java",Nataline.Codding@mailmail.com
Berta,Ferrell,15,worker,TRUE,js,Berta.Ferrell@mailmail.com
Bertine,Mandler,83,worker,FALSE,"react,py",Bertine.Mandler@mailmail.com
Jasmina,Adore,33,worker,FALSE,java,Jasmina.Adore@mailmail.com
Mellicent,Quinn,76,HR,FALSE,"java,python,typescript",Mellicent.Quinn@mailmail.com
Marnia,Adlare,32,Developers,FALSE,typescript,Marnia.Adlare@mailmail.com
Amalie,Brandice,14,Recruitment,FALSE,ts,Amalie.Brandice@mailmail.com
Elvira,Eugenia,11,worker,TRUE,"ts,py,py",Elvira.Eugenia@mailmail.com
Michaelina,Winthorpe,82,developer,TRUE,react,Michaelina.Winthorpe@mailmail.com
Bill,Wyn,79,Recruitment,TRUE,py,Bill.Wyn@mailmail.com
Blake,Jethro,66,worker,TRUE,"java,typescript",Blake.Jethro@mailmail.com
Valera,Edison,1,HR,FALSE,javascript,Valera.Edison@mailmail.com
Joeann,Irmine,81,Developers,TRUE,java,Joeann.Irmine@mailmail.com
Margette,Lacombe,43,Recruitment,TRUE,ts,Margette.Lacombe@mailmail.com
Gerianna,Chauncey,86,HR,TRUE,java,Gerianna.Chauncey@mailmail.com
Nonnah,Bryna,80,Developers,FALSE,"ts,java",Nonnah.Bryna@mailmail.com
Deane,Dimitris,34,developer,FALSE,"java,py",Deane.Dimitris@mailmail.com
Hermione,Johanna,96,Recruitment,FALSE,"java,react",Hermione.Johanna@mailmail.com
Marline,Wildermuth,93,worker,TRUE,react,Marline.Wildermuth@mailmail.com
Jeanna,Luhe,34,Recruitment,FALSE,"react,react,ts",Jeanna.Luhe@mailmail.com
Dianemarie,Fleeta,88,HR,TRUE,"typescript,ts,typescript",Dianemarie.Fleeta@mailmail.com
Katharina,Schonfeld,10,developer,FALSE,ts,Katharina.Schonfeld@mailmail.com
Leeanne,Wu,16,Recruitment,TRUE,"js,python",Leeanne.Wu@mailmail.com
Gertrud,Monaco,15,Developers,TRUE,ts,Gertrud.Monaco@mailmail.com
Stevana,Alexandr,63,Recruitment,TRUE,typescript,Stevana.Alexandr@mailmail.com
Kial,Lay,15,Developers,FALSE,ts,Kial.Lay@mailmail.com
Jessy,Paton,78,Developers,TRUE,"javascript,python",Jessy.Paton@mailmail.com
Clary,Sancho,67,developer,TRUE,javascript,Clary.Sancho@mailmail.com
Lita,Wittie,3,developer,TRUE,"react,js,py",Lita.Wittie@mailmail.com
Alyda,Frendel,9,developer,FALSE,"ts,react,typescript",Alyda.Frendel@mailmail.com
Talya,Granoff,95,HR,TRUE,"js,python,ts",Talya.Granoff@mailmail.com
Brana,Jefferey,15,HR,FALSE,"javascript,ts,python",Brana.Jefferey@mailmail.com
Jessamyn,Trey,5,Recruitment,TRUE,js,Jessamyn.Trey@mailmail.com
Sabina,Jillane,12,Developers,FALSE,typescript,Sabina.Jillane@mailmail.com
Pierette,Roumell,42,HR,FALSE,py,Pierette.Roumell@mailmail.com
Charlena,Loring,11,HR,FALSE,"javascript,js,py",Charlena.Loring@mailmail.com
Kellen,Schalles,91,worker,TRUE,"react,typescript,ts",Kellen.Schalles@mailmail.com
Kirbee,Callista,80,Recruitment,FALSE,"java,java",Kirbee.Callista@mailmail.com
Arlina,Arquit,18,Developers,TRUE,"py,js,js",Arlina.Arquit@mailmail.com
Joelly,Goth,31,worker,FALSE,"javascript,java,ts",Joelly.Goth@mailmail.com
Bernardine,Fax,25,HR,FALSE,"python,py",Bernardine.Fax@mailmail.com
Aili,Jobi,28,developer,TRUE,"react,py",Aili.Jobi@mailmail.com
Doralynne,Ailyn,18,Developers,FALSE,"java,javascript,javascript",Doralynne.Ailyn@mailmail.com
Netty,Muriel,33,worker,FALSE,"java,typescript,py",Netty.Muriel@mailmail.com
Feliza,Dowski,47,worker,FALSE,js,Feliza.Dowski@mailmail.com
Gilda,Poll,89,Developers,TRUE,ts,Gilda.Poll@mailmail.com
Amelia,Maurine,78,worker,FALSE,"javascript,py",Amelia.Maurine@mailmail.com
Taffy,Zitvaa,93,worker,FALSE,"py,js,py",Taffy.Zitvaa@mailmail.com
Raquela,Bandeen,71,developer,TRUE,"python,javascript",Raquela.Bandeen@mailmail.com
Caressa,Aldric,53,HR,FALSE,"react,py,python",Caressa.Aldric@mailmail.com
Vinita,Adore,66,Recruitment,TRUE,react,Vinita.Adore@mailmail.com
Kittie,Hieronymus,10,HR,TRUE,"javascript,ts,python",Kittie.Hieronymus@mailmail.com
Gretal,Wittie,71,Developers,TRUE,"ts,java,typescript",Gretal.Wittie@mailmail.com
Mellicent,Truc,38,Developers,TRUE,js,Mellicent.Truc@mailmail.com
Pearline,Ambrosia,58,developer,FALSE,"javascript,react,typescript",Pearline.Ambrosia@mailmail.com
Tilly,Tarrant,37,HR,TRUE,python,Tilly.Tarrant@mailmail.com
Rochette,Clarissa,46,worker,TRUE,java,Rochette.Clarissa@mailmail.com
Leona,Delila,74,developer,FALSE,"typescript,py",Leona.Delila@mailmail.com
Tracey,Girardo,56,worker,FALSE,"react,java,javascript",Tracey.Girardo@mailmail.com
Therine,Skell,96,developer,TRUE,ts,Therine.Skell@mailmail.com
Madeleine,Vanni,21,HR,TRUE,"ts,ts",Madeleine.Vanni@mailmail.com
Daune,Delp,66,HR,FALSE,"javascript,react",Daune.Delp@mailmail.com
Bettine,Marcellus,65,HR,FALSE,"react,react,react",Bettine.Marcellus@mailmail.com
Kelly,Rustice,40,Recruitment,TRUE,"typescript,ts,py",Kelly.Rustice@mailmail.com
Deane,Ade,12,worker,TRUE,"ts,ts",Deane.Ade@mailmail.com
Hermione,Alarise,32,Developers,TRUE,ts,Hermione.Alarise@mailmail.com
Averyl,Bates,94,Developers,FALSE,react,Averyl.Bates@mailmail.com
Hayley,Serilda,67,Developers,TRUE,react,Hayley.Serilda@mailmail.com
Ivett,Lubin,7,HR,FALSE,"python,react",Ivett.Lubin@mailmail.com
Aurore,Leler,69,developer,FALSE,"ts,java",Aurore.Leler@mailmail.com
Maurene,Hull,74,HR,TRUE,py,Maurene.Hull@mailmail.com
Frances,Bandeen,75,worker,FALSE,"py,python",Frances.Bandeen@mailmail.com
Charissa,Gherardo,93,worker,FALSE,js,Charissa.Gherardo@mailmail.com
Amara,Brunell,56,HR,TRUE,java,Amara.Brunell@mailmail.com
Annaliese,Darian,40,Developers,TRUE,typescript,Annaliese.Darian@mailmail.com
Ingrid,Yerkovich,84,worker,TRUE,"react,react,js",Ingrid.Yerkovich@mailmail.com
Rosaline,Devlen,68,Recruitment,TRUE,"react,typescript,typescript",Rosaline.Devlen@mailmail.com
Leontine,Croix,67,Developers,TRUE,"py,python,javascript",Leontine.Croix@mailmail.com
Roslyn,Fry,74,HR,FALSE,"ts,react",Roslyn.Fry@mailmail.com
Doralynne,Flyn,57,Recruitment,TRUE,"js,javascript",Doralynne.Flyn@mailmail.com
Ellette,Bakerman,99,developer,FALSE,"python,javascript,python",Ellette.Bakerman@mailmail.com
Celene,Alwin,90,Developers,TRUE,python,Celene.Alwin@mailmail.com
Tina,Infield,47,HR,TRUE,"python,js",Tina.Infield@mailmail.com
Constance,Rese,67,Recruitment,FALSE,"javascript,react,ts",Constance.Rese@mailmail.com
Dolli,Revkah,67,Developers,TRUE,"ts,typescript,java",Dolli.Revkah@mailmail.com
Ernesta,Bates,36,worker,TRUE,"typescript,py,ts",Ernesta.Bates@mailmail.com
Maud,Kirbee,88,HR,TRUE,"ts,java",Maud.Kirbee@mailmail.com
Kimmy,Toffic,10,Recruitment,FALSE,"py,java,py",Kimmy.Toffic@mailmail.com
Chloris,Bandeen,85,worker,TRUE,"ts,py,js",Chloris.Bandeen@mailmail.com
Lisette,Delacourt,22,HR,TRUE,typescript,Lisette.Delacourt@mailmail.com
Wileen,Brunell,65,developer,FALSE,"js,python,js",Wileen.Brunell@mailmail.com
Anestassia,Lorain,9,worker,FALSE,js,Anestassia.Lorain@mailmail.com
Alisha,Kaete,3,worker,FALSE,typescript,Alisha.Kaete@mailmail.com
Tobe,Ursulette,74,HR,FALSE,"python,java",Tobe.Ursulette@mailmail.com
Lizzie,Claudine,63,worker,FALSE,react,Lizzie.Claudine@mailmail.com
Marline,Ledah,38,worker,FALSE,"python,typescript",Marline.Ledah@mailmail.com
Lenna,An,36,HR,TRUE,"py,typescript,py",Lenna.An@mailmail.com
Steffane,Manolo,58,worker,FALSE,"py,react,javascript",Steffane.Manolo@mailmail.com
Pamella,Woodberry,2,Recruitment,FALSE,"python,react,java",Pamella.Woodberry@mailmail.com
Olwen,Maxi,34,Recruitment,TRUE,python,Olwen.Maxi@mailmail.com
Blondelle,August,47,worker,TRUE,"ts,typescript",Blondelle.August@mailmail.com
Julieta,Sharl,78,HR,FALSE,"react,react",Julieta.Sharl@mailmail.com
Debee,Uird,16,developer,TRUE,"js,py,typescript",Debee.Uird@mailmail.com
Raina,Raffo,19,developer,FALSE,"react,typescript",Raina.Raffo@mailmail.com
Nicoli,Mitzi,94,Recruitment,TRUE,"js,react",Nicoli.Mitzi@mailmail.com
Veda,Deny,2,HR,FALSE,ts,Veda.Deny@mailmail.com
Marti,Thema,92,Developers,FALSE,"java,py,js",Marti.Thema@mailmail.com
Doralynne,Raychel,76,worker,TRUE,"react,js,react",Doralynne.Raychel@mailmail.com
Jinny,Geffner,67,worker,FALSE,"typescript,py",Jinny.Geffner@mailmail.com
Almeta,Bord,5,HR,FALSE,"javascript,python",Almeta.Bord@mailmail.com
Ebonee,Belldas,22,Recruitment,FALSE,"react,py,javascript",Ebonee.Belldas@mailmail.com
Millie,Constancy,56,Recruitment,FALSE,javascript,Millie.Constancy@mailmail.com
Nanete,Gahl,25,Recruitment,FALSE,ts,Nanete.Gahl@mailmail.com
Damaris,Louanna,35,Developers,FALSE,"java,react,py",Damaris.Louanna@mailmail.com
Angela,Paine,24,HR,TRUE,"typescript,js",Angela.Paine@mailmail.com
Beth,Rosemary,46,worker,TRUE,"ts,js,ts",Beth.Rosemary@mailmail.com
Leia,Katrine,42,developer,TRUE,"js,js",Leia.Katrine@mailmail.com
Melisent,Carey,20,Recruitment,FALSE,react,Melisent.Carey@mailmail.com
Ardeen,Kiyoshi,13,Developers,TRUE,"javascript,python",Ardeen.Kiyoshi@mailmail.com
Cindelyn,Jacqui,52,HR,TRUE,"react,python,js",Cindelyn.Jacqui@mailmail.com
Angela,Jacinda,87,HR,TRUE,"python,java",Angela.Jacinda@mailmail.com
Elena,Vernier,25,Developers,TRUE,"react,ts,python",Elena.Vernier@mailmail.com
Julieta,Roarke,81,developer,TRUE,"java,ts",Julieta.Roarke@mailmail.com
Wanda,Raffo,54,developer,FALSE,react,Wanda.Raffo@mailmail.com
Maridel,Mich,28,developer,TRUE,"typescript,js",Maridel.Mich@mailmail.com
Fredericka,Vilma,70,HR,TRUE,react,Fredericka.Vilma@mailmail.com
Ardys,Merna,68,Developers,TRUE,typescript,Ardys.Merna@mailmail.com
Vere,Lay,35,Recruitment,FALSE,"java,py,ts",Vere.Lay@mailmail.com
Dianemarie,Goldina,18,Recruitment,TRUE,"react,py,python",Dianemarie.Goldina@mailmail.com
Arlina,Bearnard,7,Recruitment,FALSE,typescript,Arlina.Bearnard@mailmail.com
Adore,Mullane,73,HR,FALSE,"py,java,py",Adore.Mullane@mailmail.com
Gui,Neils,35,Recruitment,TRUE,react,Gui.Neils@mailmail.com
Pearline,Toffic,44,HR,FALSE,py,Pearline.Toffic@mailmail.com
Rivalee,Oneida,86,worker,FALSE,"javascript,typescript,typescript",Rivalee.Oneida@mailmail.com
Genevra,Weaks,24,worker,TRUE,java,Genevra.Weaks@mailmail.com
Maridel,Destinee,10,worker,FALSE,"react,java",Maridel.Destinee@mailmail.com
Annaliese,Truc,48,Developers,FALSE,py,Annaliese.Truc@mailmail.com
Almeta,Burch,34,developer,TRUE,py,Almeta.Burch@mailmail.com
Heddie,Hoban,5,Developers,TRUE,"javascript,python,js",Heddie.Hoban@mailmail.com
Georgina,Garek,45,Developers,TRUE,"ts,react",Georgina.Garek@mailmail.com
Katharina,Sekofski,64,developer,FALSE,"java,react",Katharina.Sekofski@mailmail.com
Grier,Shelba,84,Developers,FALSE,python,Grier.Shelba@mailmail.com
Rori,Ogren,53,worker,FALSE,javascript,Rori.Ogren@mailmail.com
Zsa Zsa,Lipson,41,developer,TRUE,python,Zsa Zsa.Lipson@mailmail.com
Lonnie,Herrera,72,HR,TRUE,"javascript,py,python",Lonnie.Herrera@mailmail.com
Maisey,Cath,69,Recruitment,TRUE,"java,py,java",Maisey.Cath@mailmail.com
Kara-Lynn,Colleen,57,Recruitment,TRUE,"react,react,python",Kara-Lynn.Colleen@mailmail.com
Helsa,Peg,80,HR,FALSE,"python,typescript,java",Helsa.Peg@mailmail.com
Belva,Mata,12,developer,TRUE,"react,react,react",Belva.Mata@mailmail.com
Kittie,Barney,98,worker,FALSE,js,Kittie.Barney@mailmail.com
Correy,Dulciana,52,worker,TRUE,"py,typescript,java",Correy.Dulciana@mailmail.com
Catrina,Olin,7,Developers,FALSE,"typescript,python",Catrina.Olin@mailmail.com
Flory,Adrienne,15,developer,TRUE,"py,py,js",Flory.Adrienne@mailmail.com
Lucille,Elsinore,85,developer,TRUE,"javascript,typescript,js",Lucille.Elsinore@mailmail.com
Shirlee,Concha,24,worker,FALSE,javascript,Shirlee.Concha@mailmail.com
Arlina,Elisha,6,Recruitment,TRUE,"typescript,typescript,ts",Arlina.Elisha@mailmail.com
Alameda,Natica,70,Developers,TRUE,"java,py",Alameda.Natica@mailmail.com
Daune,Zuzana,2,Developers,FALSE,typescript,Daune.Zuzana@mailmail.com
Wanda,Gamaliel,17,developer,TRUE,"js,py,java",Wanda.Gamaliel@mailmail.com
Basia,Swanhildas,83,HR,FALSE,"javascript,typescript,javascript",Basia.Swanhildas@mailmail.com
Mildrid,Rurik,13,Recruitment,FALSE,"js,typescript,javascript",Mildrid.Rurik@mailmail.com
Latisha,Breed,98,worker,TRUE,javascript,Latisha.Breed@mailmail.com
Olwen,Duwalt,95,Developers,TRUE,js,Olwen.Duwalt@mailmail.com
Feliza,Carleen,27,Developers,FALSE,"python,py,ts",Feliza.Carleen@mailmail.com
Nessie,Chesna,21,developer,TRUE,typescript,Nessie.Chesna@mailmail.com
Sharlene,Moseley,6,worker,FALSE,"python,python",Sharlene.Moseley@mailmail.com
Elise,Hepsibah,5,developer,FALSE,"javascript,js",Elise.Hepsibah@mailmail.com
Edee,Evangelia,29,Recruitment,TRUE,java,Edee.Evangelia@mailmail.com
Lolita,Buffum,91,HR,TRUE,react,Lolita.Buffum@mailmail.com
Lolita,Robertson,77,Recruitment,FALSE,"typescript,typescript,ts",Lolita.Robertson@mailmail.com
Alejandra,Pip,33,Developers,FALSE,"python,typescript,py",Alejandra.Pip@mailmail.com
Nariko,Telfer,43,HR,FALSE,"ts,py",Nariko.Telfer@mailmail.com
Chloris,August,30,HR,TRUE,"react,java,js",Chloris.August@mailmail.com
Drucie,Wadell,2,Recruitment,TRUE,js,Drucie.Wadell@mailmail.com
Anthia,Pascia,37,Developers,TRUE,"typescript,python",Anthia.Pascia@mailmail.com
Lonnie,Merna,84,developer,FALSE,"ts,python",Lonnie.Merna@mailmail.com
Arlina,Loleta,4,worker,FALSE,javascript,Arlina.Loleta@mailmail.com
Cyb,Tannie,95,Developers,FALSE,"ts,js,js",Cyb.Tannie@mailmail.com
Marika,Baudin,73,developer,FALSE,ts,Marika.Baudin@mailmail.com
Delilah,Kiersten,83,worker,FALSE,"javascript,typescript",Delilah.Kiersten@mailmail.com
Ottilie,Allys,60,worker,TRUE,"typescript,java,python",Ottilie.Allys@mailmail.com
Wynne,Bibi,86,Developers,FALSE,"python,typescript,java",Wynne.Bibi@mailmail.com
Janeczka,Suanne,5,Recruitment,FALSE,"js,python",Janeczka.Suanne@mailmail.com
Britni,Nikaniki,44,worker,TRUE,"typescript,py,java",Britni.Nikaniki@mailmail.com
Tomasina,Revkah,59,Developers,TRUE,"py,python",Tomasina.Revkah@mailmail.com
Roz,Jess,26,developer,FALSE,javascript,Roz.Jess@mailmail.com
Selia,Kare,21,developer,TRUE,"typescript,py",Selia.Kare@mailmail.com
Moyna,Georgy,49,worker,FALSE,"py,js,js",Moyna.Georgy@mailmail.com
Catrina,Elvyn,42,worker,TRUE,js,Catrina.Elvyn@mailmail.com
Charissa,Brotherson,38,Recruitment,FALSE,"typescript,java",Charissa.Brotherson@mailmail.com
Leona,Sperling,38,Recruitment,TRUE,"ts,react,ts",Leona.Sperling@mailmail.com
Goldie,Leler,4,HR,TRUE,"ts,js",Goldie.Leler@mailmail.com
Tani,Lauraine,5,Recruitment,TRUE,"javascript,react",Tani.Lauraine@mailmail.com
Ileana,Bennie,2,Developers,FALSE,"typescript,java",Ileana.Bennie@mailmail.com
Desirae,Imelida,23,Developers,FALSE,"typescript,py,java",Desirae.Imelida@mailmail.com
Allis,An,24,Recruitment,FALSE,"react,javascript",Allis.An@mailmail.com
Henriette,Sherrie,24,worker,FALSE,"typescript,py",Henriette.Sherrie@mailmail.com
Zsa Zsa,Izaak,73,worker,FALSE,"typescript,ts",Zsa Zsa.Izaak@mailmail.com
Tatiania,Haymes,46,Developers,TRUE,"ts,js",Tatiania.Haymes@mailmail.com
Sallie,Angelis,7,HR,FALSE,"py,python",Sallie.Angelis@mailmail.com
Philis,Voletta,39,worker,FALSE,"py,typescript",Philis.Voletta@mailmail.com
Cyndie,Lattie,73,developer,TRUE,ts,Cyndie.Lattie@mailmail.com
Marylou,Leary,83,HR,FALSE,"java,java,py",Marylou.Leary@mailmail.com
Bee,Swanhildas,86,worker,TRUE,"python,python",Bee.Swanhildas@mailmail.com
Moyna,Faro,100,Developers,FALSE,"typescript,react,typescript",Moyna.Faro@mailmail.com
Halette,Frendel,12,worker,TRUE,"typescript,ts",Halette.Frendel@mailmail.com
Phylis,Giule,34,worker,FALSE,"python,python",Phylis.Giule@mailmail.com
Susette,Bronk,31,Recruitment,TRUE,"python,java,ts",Susette.Bronk@mailmail.com
Jolyn,Belldas,92,Recruitment,TRUE,"java,typescript,javascript",Jolyn.Belldas@mailmail.com
Gusty,Phaidra,5,worker,TRUE,java,Gusty.Phaidra@mailmail.com
Ezmeralda,Holtz,92,HR,TRUE,"python,react,js",Ezmeralda.Holtz@mailmail.com
Ginnie,Stevy,48,worker,FALSE,"js,javascript,typescript",Ginnie.Stevy@mailmail.com
Corry,Hanshaw,99,Developers,TRUE,ts,Corry.Hanshaw@mailmail.com
Carol-Jean,Douglass,72,developer,FALSE,js,Carol-Jean.Douglass@mailmail.com
Damaris,Valerio,75,worker,TRUE,ts,Damaris.Valerio@mailmail.com
Kristan,Robertson,59,Developers,FALSE,"ts,ts",Kristan.Robertson@mailmail.com
Adelle,Franza,64,HR,FALSE,"py,js,java",Adelle.Franza@mailmail.com
Krystle,Ietta,1,Recruitment,TRUE,"js,java,py",Krystle.Ietta@mailmail.com
Ethel,Voletta,76,worker,TRUE,java,Ethel.Voletta@mailmail.com
Halette,Dalli,8,worker,TRUE,"ts,ts,java",Halette.Dalli@mailmail.com
Andree,Bluh,49,developer,FALSE,java,Andree.Bluh@mailmail.com
Siana,Seagraves,2,worker,TRUE,"js,javascript",Siana.Seagraves@mailmail.com
Sean,Merat,83,worker,FALSE,py,Sean.Merat@mailmail.com
Evaleen,Curren,32,HR,TRUE,ts,Evaleen.Curren@mailmail.com
Melanie,Ariella,55,Recruitment,TRUE,"java,python,java",Melanie.Ariella@mailmail.com
Lolita,Sherfield,9,Developers,TRUE,"react,py",Lolita.Sherfield@mailmail.com
Lily,Fennessy,57,Recruitment,TRUE,"java,typescript",Lily.Fennessy@mailmail.com
Concettina,Leary,69,developer,TRUE,ts,Concettina.Leary@mailmail.com
Danika,Friede,84,worker,TRUE,react,Danika.Friede@mailmail.com
Livvyy,Kravits,40,HR,TRUE,js,Livvyy.Kravits@mailmail.com
Luci,Yoko,76,HR,TRUE,"js,python",Luci.Yoko@mailmail.com
Verla,Wind,84,worker,TRUE,"python,ts",Verla.Wind@mailmail.com
Emilia,Frodi,87,developer,TRUE,"react,react,react",Emilia.Frodi@mailmail.com
Roseline,Ellord,82,Developers,FALSE,javascript,Roseline.Ellord@mailmail.com
Beatriz,Mitzi,40,developer,FALSE,"js,python,js",Beatriz.Mitzi@mailmail.com
Gavrielle,Goldina,77,Recruitment,FALSE,"ts,javascript",Gavrielle.Goldina@mailmail.com
Tybie,Desai,18,developer,FALSE,"java,python,java",Tybie.Desai@mailmail.com
Monika,Afton,41,Recruitment,TRUE,"javascript,java,java",Monika.Afton@mailmail.com
Dari,Leffen,69,Recruitment,TRUE,"python,ts",Dari.Leffen@mailmail.com
Genovera,Pettiford,69,Developers,TRUE,"javascript,java,py",Genovera.Pettiford@mailmail.com
Pearline,Pitt,58,developer,TRUE,"java,py",Pearline.Pitt@mailmail.com
Kirstin,Adrienne,42,worker,FALSE,typescript,Kirstin.Adrienne@mailmail.com
Dominga,Oster,62,HR,FALSE,"java,react",Dominga.Oster@mailmail.com
Edyth,Himelman,83,worker,FALSE,"typescript,js,typescript",Edyth.Himelman@mailmail.com
Carlie,Juan,48,worker,TRUE,react,Carlie.Juan@mailmail.com
Annice,Marden,60,developer,FALSE,"javascript,python",Annice.Marden@mailmail.com
Donnie,Oneida,74,worker,TRUE,javascript,Donnie.Oneida@mailmail.com
Estell,Hewitt,78,Recruitment,FALSE,"ts,ts,typescript",Estell.Hewitt@mailmail.com
Thalia,Frodi,76,Recruitment,TRUE,"js,javascript",Thalia.Frodi@mailmail.com
Zsa Zsa,Donoghue,90,worker,FALSE,"python,js,js",Zsa Zsa.Donoghue@mailmail.com
Nerta,Kronfeld,37,Recruitment,FALSE,"python,react",Nerta.Kronfeld@mailmail.com
Doralynne,Allare,17,developer,FALSE,"java,py,react",Doralynne.Allare@mailmail.com
Sarette,Seagraves,52,HR,TRUE,"java,react",Sarette.Seagraves@mailmail.com
Carol-Jean,Bari,83,Developers,TRUE,"java,java",Carol-Jean.Bari@mailmail.com
Ethel,Parsaye,6,developer,TRUE,"js,ts,typescript",Ethel.Parsaye@mailmail.com
Nessie,Judye,62,developer,FALSE,"java,python",Nessie.Judye@mailmail.com
Gale,Meter,19,worker,FALSE,"react,javascript",Gale.Meter@mailmail.com
Sissy,Strephon,31,worker,FALSE,js,Sissy.Strephon@mailmail.com
Claudina,Madox,42,developer,TRUE,javascript,Claudina.Madox@mailmail.com
Tressa,Milde,87,worker,TRUE,"typescript,react,ts",Tressa.Milde@mailmail.com
Kalina,Smitt,91,Recruitment,FALSE,"js,py,python",Kalina.Smitt@mailmail.com
Vonny,Rillings,10,developer,TRUE,js,Vonny.Rillings@mailmail.com
Fina,Parsaye,61,Developers,FALSE,"java,javascript",Fina.Parsaye@mailmail.com
Raf,Prober,92,developer,TRUE,"javascript,javascript,py",Raf.Prober@mailmail.com
Jaime,Jerold,90,Developers,TRUE,"java,python,react",Jaime.Jerold@mailmail.com
Mamie,Hanleigh,75,Developers,TRUE,javascript,Mamie.Hanleigh@mailmail.com
Sophia,Maisey,85,developer,FALSE,"javascript,py",Sophia.Maisey@mailmail.com
Clarice,Euridice,7,worker,FALSE,"py,javascript",Clarice.Euridice@mailmail.com
Pamella,Knowling,8,Recruitment,FALSE,"python,react,javascript",Pamella.Knowling@mailmail.com
Myrtice,Phyllis,16,Developers,FALSE,"js,typescript,ts",Myrtice.Phyllis@mailmail.com
Lynde,Erich,43,worker,TRUE,"js,react",Lynde.Erich@mailmail.com
Gisela,LaRue,89,worker,FALSE,"typescript,javascript",Gisela.LaRue@mailmail.com
Quintina,Lorenz,37,developer,FALSE,java,Quintina.Lorenz@mailmail.com
Babita,Hieronymus,41,HR,FALSE,"react,java,java",Babita.Hieronymus@mailmail.com
Heddie,Kauppi,7,developer,TRUE,"ts,js,python",Heddie.Kauppi@mailmail.com
Philis,Hachmin,46,HR,TRUE,"javascript,typescript,js",Philis.Hachmin@mailmail.com
Perry,Schalles,30,developer,FALSE,"ts,java",Perry.Schalles@mailmail.com
Dari,Wareing,52,Recruitment,TRUE,"typescript,py,js",Dari.Wareing@mailmail.com
Kerrin,Mich,84,Recruitment,TRUE,"javascript,react,ts",Kerrin.Mich@mailmail.com
Darci,Sprage,25,Recruitment,FALSE,"js,python,ts",Darci.Sprage@mailmail.com
Lesly,Wareing,17,Developers,FALSE,"typescript,py,react",Lesly.Wareing@mailmail.com
Kirbee,Waite,37,Recruitment,FALSE,js,Kirbee.Waite@mailmail.com
Dulce,Orlene,54,Developers,TRUE,"python,javascript,ts",Dulce.Orlene@mailmail.com
Eugine,Cleavland,78,developer,FALSE,python,Eugine.Cleavland@mailmail.com
Mariann,Amasa,59,HR,FALSE,java,Mariann.Amasa@mailmail.com
Letizia,Raffo,22,worker,TRUE,"react,ts,js",Letizia.Raffo@mailmail.com
Jany,Hessler,53,HR,FALSE,"javascript,python",Jany.Hessler@mailmail.com
Cam,Chick,79,Developers,FALSE,"react,js,typescript",Cam.Chick@mailmail.com
Myriam,Gower,74,Recruitment,FALSE,java,Myriam.Gower@mailmail.com
Vivia,Ax,72,developer,TRUE,"react,react,typescript",Vivia.Ax@mailmail.com
Kellen,Azeria,90,worker,TRUE,js,Kellen.Azeria@mailmail.com
Ninnetta,Standing,85,worker,TRUE,"python,react",Ninnetta.Standing@mailmail.com
Aili,Tannie,8,Developers,FALSE,"python,python",Aili.Tannie@mailmail.com
Felice,Gerge,69,HR,TRUE,"py,javascript,react",Felice.Gerge@mailmail.com
Daune,Pozzy,81,HR,TRUE,typescript,Daune.Pozzy@mailmail.com
Jerry,Dulciana,97,worker,FALSE,typescript,Jerry.Dulciana@mailmail.com
Ebonee,Leary,7,Recruitment,TRUE,"python,react",Ebonee.Leary@mailmail.com
Margette,Fabiola,68,HR,TRUE,react,Margette.Fabiola@mailmail.com
Nonnah,Irmine,41,worker,TRUE,"javascript,js,py",Nonnah.Irmine@mailmail.com
Brooks,Secrest,14,developer,TRUE,"react,javascript",Brooks.Secrest@mailmail.com
Kate,Flyn,42,worker,TRUE,"react,ts",Kate.Flyn@mailmail.com
Lindie,Sasnett,49,Developers,FALSE,"js,react",Lindie.Sasnett@mailmail.com
Katharina,Vary,50,developer,TRUE,"typescript,typescript,react",Katharina.Vary@mailmail.com
Almeta,Means,63,worker,FALSE,"java,react",Almeta.Means@mailmail.com
Vita,Mehalek,89,worker,FALSE,"java,ts,py",Vita.Mehalek@mailmail.com
Carol-Jean,Cadmar,69,Developers,TRUE,python,Carol-Jean.Cadmar@mailmail.com
Sheelagh,Annice,35,Recruitment,FALSE,"python,py,javascript",Sheelagh.Annice@mailmail.com
Elka,Leonard,26,HR,FALSE,"typescript,typescript,javascript",Elka.Leonard@mailmail.com
Leanna,Colbert,30,worker,FALSE,react,Leanna.Colbert@mailmail.com
Elvira,Joeann,70,HR,FALSE,"javascript,java",Elvira.Joeann@mailmail.com
Lynea,Merna,91,HR,FALSE,py,Lynea.Merna@mailmail.com
Maud,Niles,95,HR,TRUE,python,Maud.Niles@mailmail.com
Belinda,Kannry,40,worker,FALSE,ts,Belinda.Kannry@mailmail.com
Nikki,Dowski,4,HR,FALSE,"python,java,py",Nikki.Dowski@mailmail.com
Cam,Neva,68,developer,FALSE,"javascript,typescript,javascript",Cam.Neva@mailmail.com
Asia,Janene,66,worker,TRUE,"javascript,javascript,react",Asia.Janene@mailmail.com
Nollie,Saint,88,developer,FALSE,"js,javascript",Nollie.Saint@mailmail.com
Raina,Sherrie,51,Developers,TRUE,"py,typescript",Raina.Sherrie@mailmail.com
Wanda,Ardeha,32,Recruitment,FALSE,"py,js",Wanda.Ardeha@mailmail.com
Rhoda,Leler,60,developer,FALSE,javascript,Rhoda.Leler@mailmail.com
Myriam,Yuille,1,Developers,FALSE,"java,py",Myriam.Yuille@mailmail.com
Netty,Dichy,97,HR,FALSE,javascript,Netty.Dichy@mailmail.com
Maurene,Libna,88,Developers,TRUE,"javascript,ts",Maurene.Libna@mailmail.com
Molli,Nance,57,worker,FALSE,py,Molli.Nance@mailmail.com
Fina,Liebermann,5,HR,FALSE,ts,Fina.Liebermann@mailmail.com
Jorry,Fennessy,68,HR,TRUE,python,Jorry.Fennessy@mailmail.com
Tatiania,August,91,developer,FALSE,"java,js",Tatiania.August@mailmail.com
Winifred,Earlie,26,HR,TRUE,"ts,ts",Winifred.Earlie@mailmail.com
Joleen,Phyllis,1,HR,TRUE,"js,ts",Joleen.Phyllis@mailmail.com
Kate,Corabella,91,Recruitment,FALSE,typescript,Kate.Corabella@mailmail.com
Nicoli,Trey,10,developer,TRUE,ts,Nicoli.Trey@mailmail.com
Felice,Chrystel,58,worker,FALSE,js,Felice.Chrystel@mailmail.com
Pamella,Sallyann,71,Recruitment,TRUE,"react,python",Pamella.Sallyann@mailmail.com
Oralee,Rossner,49,developer,FALSE,"typescript,react,python",Oralee.Rossner@mailmail.com
Aryn,Kiyoshi,8,worker,FALSE,"py,javascript",Aryn.Kiyoshi@mailmail.com
Glynnis,Maisey,55,worker,TRUE,"react,react",Glynnis.Maisey@mailmail.com
Wynne,Candy,76,HR,TRUE,"ts,ts",Wynne.Candy@mailmail.com
Livvyy,Georgy,60,worker,FALSE,"ts,js",Livvyy.Georgy@mailmail.com
Kylynn,Voletta,32,HR,TRUE,"typescript,python",Kylynn.Voletta@mailmail.com
Rosabelle,Forrer,24,Recruitment,TRUE,py,Rosabelle.Forrer@mailmail.com
Christal,Jacinda,74,worker,TRUE,"py,py,java",Christal.Jacinda@mailmail.com
Kelly,Tamsky,54,developer,TRUE,"typescript,react",Kelly.Tamsky@mailmail.com
Eugine,Sherrie,35,Recruitment,TRUE,"react,java",Eugine.Sherrie@mailmail.com
Alia,Milde,66,HR,TRUE,react,Alia.Milde@mailmail.com
Ariela,Anselmi,40,developer,FALSE,"py,py",Ariela.Anselmi@mailmail.com
Daphne,Sadowski,81,HR,FALSE,"python,javascript,py",Daphne.Sadowski@mailmail.com
Lisette,Fennessy,99,HR,TRUE,typescript,Lisette.Fennessy@mailmail.com
Kary,Jammal,29,worker,TRUE,"py,typescript,js",Kary.Jammal@mailmail.com
Claudina,Hull,84,Developers,FALSE,"py,typescript,js",Claudina.Hull@mailmail.com
Lesly,Meter,55,worker,FALSE,"javascript,react",Lesly.Meter@mailmail.com
Anthia,Brieta,63,Developers,TRUE,ts,Anthia.Brieta@mailmail.com
Florie,Alfons,31,worker,TRUE,"py,react",Florie.Alfons@mailmail.com
Brietta,Sheedy,57,worker,FALSE,ts,Brietta.Sheedy@mailmail.com
Agathe,Mitzi,59,developer,FALSE,"typescript,typescript",Agathe.Mitzi@mailmail.com
Modestia,Nicoline,35,HR,TRUE,ts,Modestia.Nicoline@mailmail.com
Betta,Halla,61,HR,FALSE,js,Betta.Halla@mailmail.com
Helena,Gower,25,Developers,FALSE,"typescript,ts,javascript",Helena.Gower@mailmail.com
Nicoli,Charity,70,HR,FALSE,"typescript,python,ts",Nicoli.Charity@mailmail.com
Cherilyn,Sundin,15,Recruitment,TRUE,typescript,Cherilyn.Sundin@mailmail.com
Elie,Tound,70,Developers,FALSE,"ts,react",Elie.Tound@mailmail.com
Harrietta,Loleta,87,HR,TRUE,ts,Harrietta.Loleta@mailmail.com
Queenie,Toor,75,HR,TRUE,"js,js,ts",Queenie.Toor@mailmail.com
Raina,Katrine,8,worker,TRUE,"javascript,java,js",Raina.Katrine@mailmail.com
Sadie,Goddard,23,Developers,FALSE,ts,Sadie.Goddard@mailmail.com
Chrystel,Kaete,61,Developers,FALSE,"ts,typescript",Chrystel.Kaete@mailmail.com
Kassey,Montgomery,44,HR,FALSE,"ts,py",Kassey.Montgomery@mailmail.com
Kenna,Roxanna,99,worker,FALSE,"ts,js,react",Kenna.Roxanna@mailmail.com
Albertina,Dominy,5,developer,FALSE,py,Albertina.Dominy@mailmail.com
Kamilah,Brotherson,15,developer,TRUE,react,Kamilah.Brotherson@mailmail.com
Brietta,Kunin,17,Recruitment,FALSE,"java,ts",Brietta.Kunin@mailmail.com
Mureil,Kauppi,71,HR,TRUE,"java,js,java",Mureil.Kauppi@mailmail.com
Rebeca,Guildroy,6,worker,FALSE,"ts,javascript",Rebeca.Guildroy@mailmail.com
Bernie,Marlie,3,developer,FALSE,"python,py,javascript",Bernie.Marlie@mailmail.com
Letizia,Myrilla,26,Recruitment,FALSE,python,Letizia.Myrilla@mailmail.com
Aaren,Calhoun,29,Developers,FALSE,"js,python,javascript",Aaren.Calhoun@mailmail.com
Marita,Barbey,66,Developers,FALSE,"python,java,ts",Marita.Barbey@mailmail.com
Daune,Alarise,24,HR,TRUE,react,Daune.Alarise@mailmail.com
Sonni,Wooster,45,HR,TRUE,"js,react,ts",Sonni.Wooster@mailmail.com
Cam,Ciapas,19,developer,TRUE,"js,js,javascript",Cam.Ciapas@mailmail.com
Mireielle,Lorenz,90,HR,FALSE,"java,python",Mireielle.Lorenz@mailmail.com
Jacenta,Heisel,53,Recruitment,TRUE,"javascript,java,js",Jacenta.Heisel@mailmail.com
Anica,Gusella,97,Recruitment,FALSE,"ts,javascript,ts",Anica.Gusella@mailmail.com
Sue,Curren,39,HR,TRUE,"js,java",Sue.Curren@mailmail.com
Bill,Amadas,66,HR,FALSE,"ts,java,react",Bill.Amadas@mailmail.com
Gwenneth,Suk,10,worker,FALSE,"javascript,py",Gwenneth.Suk@mailmail.com
Yvonne,Yoko,33,HR,FALSE,react,Yvonne.Yoko@mailmail.com
Charissa,Minetta,32,Developers,FALSE,"javascript,py,ts",Charissa.Minetta@mailmail.com
Fanny,Breed,47,HR,FALSE,"py,ts,react",Fanny.Breed@mailmail.com
Margette,Stuart,65,developer,FALSE,"python,react,java",Margette.Stuart@mailmail.com
Tiffie,Afton,17,Recruitment,FALSE,"react,javascript",Tiffie.Afton@mailmail.com
Deirdre,Justinn,47,developer,FALSE,java,Deirdre.Justinn@mailmail.com
Tomasina,Auberbach,91,Recruitment,TRUE,"javascript,python",Tomasina.Auberbach@mailmail.com
Anthia,Korey,35,HR,FALSE,"java,js,typescript",Anthia.Korey@mailmail.com
Jenda,Quent,57,worker,TRUE,"py,ts,javascript",Jenda.Quent@mailmail.com
Libbie,Juan,4,worker,TRUE,"js,react",Libbie.Juan@mailmail.com
Anica,Vacuva,77,Developers,FALSE,js,Anica.Vacuva@mailmail.com
Modestia,Faust,53,Developers,FALSE,"javascript,typescript,typescript",Modestia.Faust@mailmail.com
Flo,Waite,90,HR,TRUE,py,Flo.Waite@mailmail.com
Lanae,Roarke,75,Developers,FALSE,"ts,ts",Lanae.Roarke@mailmail.com
Jinny,Poppy,39,Recruitment,FALSE,"js,js,javascript",Jinny.Poppy@mailmail.com
Delilah,Gladstone,60,HR,TRUE,"ts,react,java",Delilah.Gladstone@mailmail.com
Gabi,Sigfrid,19,worker,TRUE,"javascript,py,javascript",Gabi.Sigfrid@mailmail.com
Perry,Hourigan,38,developer,FALSE,"typescript,js",Perry.Hourigan@mailmail.com
Tani,Dulciana,7,worker,FALSE,"ts,java",Tani.Dulciana@mailmail.com
Latisha,Brodench,8,developer,FALSE,"js,python,js",Latisha.Brodench@mailmail.com
Ernesta,Susannah,87,Developers,TRUE,js,Ernesta.Susannah@mailmail.com
Lesly,Fontana,30,HR,FALSE,"java,ts,react",Lesly.Fontana@mailmail.com
Addia,Bollay,39,HR,FALSE,python,Addia.Bollay@mailmail.com
Elise,Maples,54,developer,FALSE,typescript,Elise.Maples@mailmail.com
Ursulina,Hewitt,1,Developers,TRUE,react,Ursulina.Hewitt@mailmail.com
Marti,Weitman,4,Recruitment,TRUE,javascript,Marti.Weitman@mailmail.com
Feliza,Darian,22,HR,FALSE,"js,java,python",Feliza.Darian@mailmail.com
Helena,Norvol,94,HR,FALSE,"python,typescript",Helena.Norvol@mailmail.com
Vanessa,Joachim,80,developer,FALSE,typescript,Vanessa.Joachim@mailmail.com
Elise,Fosque,52,worker,TRUE,"js,typescript",Elise.Fosque@mailmail.com
Rosene,Francyne,97,Recruitment,TRUE,"py,java",Rosene.Francyne@mailmail.com
Gusty,Primalia,16,worker,TRUE,"javascript,react,react",Gusty.Primalia@mailmail.com
Caritta,Kazimir,15,developer,FALSE,js,Caritta.Kazimir@mailmail.com
Minne,Fitzsimmons,84,developer,TRUE,"ts,ts,java",Minne.Fitzsimmons@mailmail.com
Nita,Zamora,78,Developers,TRUE,"python,javascript,typescript",Nita.Zamora@mailmail.com
Joleen,Lynn,58,HR,TRUE,"typescript,javascript",Joleen.Lynn@mailmail.com
Kylynn,Hepsibah,54,Developers,FALSE,"react,java,js",Kylynn.Hepsibah@mailmail.com
Rosanne,Havens,88,worker,TRUE,java,Rosanne.Havens@mailmail.com
Ethel,Lilybelle,78,Recruitment,FALSE,javascript,Ethel.Lilybelle@mailmail.com
Misha,Grimbly,50,Recruitment,FALSE,"ts,js,py",Misha.Grimbly@mailmail.com
Gabi,Chandler,94,Recruitment,TRUE,"py,java",Gabi.Chandler@mailmail.com
Carly,Whiffen,86,Developers,FALSE,typescript,Carly.Whiffen@mailmail.com
Kalina,O'Neill,28,Developers,TRUE,"react,react",Kalina.O'Neill@mailmail.com
Alexine,Erlandson,36,worker,TRUE,"java,react",Alexine.Erlandson@mailmail.com
Netty,Huggins,70,Recruitment,FALSE,java,Netty.Huggins@mailmail.com
Ezmeralda,Kat,39,HR,TRUE,"typescript,py,react",Ezmeralda.Kat@mailmail.com
Ira,Chaing,90,Developers,FALSE,py,Ira.Chaing@mailmail.com
Kaia,Milson,23,Recruitment,FALSE,"react,ts,python",Kaia.Milson@mailmail.com
Aaren,Fax,81,Recruitment,FALSE,"java,react,ts",Aaren.Fax@mailmail.com
Aimil,Iaverne,65,developer,FALSE,"java,ts,py",Aimil.Iaverne@mailmail.com
Kaia,Callista,100,HR,TRUE,"ts,js",Kaia.Callista@mailmail.com
Gusella,Ferrell,16,Developers,TRUE,java,Gusella.Ferrell@mailmail.com
Cordi,Albertine,25,Recruitment,FALSE,"js,typescript",Cordi.Albertine@mailmail.com
Bertine,Rad,66,Developers,TRUE,"typescript,js,js",Bertine.Rad@mailmail.com
Halette,Toni,56,Developers,TRUE,react,Halette.Toni@mailmail.com
Mireielle,Oriana,93,developer,FALSE,"python,ts",Mireielle.Oriana@mailmail.com
Ricky,Garrison,80,developer,FALSE,"java,ts,ts",Ricky.Garrison@mailmail.com
Iseabal,Romelda,54,Developers,FALSE,"javascript,java",Iseabal.Romelda@mailmail.com
Vivia,Sibyls,48,Developers,FALSE,java,Vivia.Sibyls@mailmail.com
Dari,Malina,7,worker,TRUE,"js,react",Dari.Malina@mailmail.com
Joeann,Isacco,93,worker,TRUE,"js,typescript",Joeann.Isacco@mailmail.com
Mamie,Alva,98,HR,FALSE,"python,js,py",Mamie.Alva@mailmail.com
Aeriela,Clywd,75,Developers,FALSE,java,Aeriela.Clywd@mailmail.com
Cam,Allys,95,Developers,FALSE,"javascript,ts,py",Cam.Allys@mailmail.com
Sabina,An,56,worker,TRUE,"ts,js,javascript",Sabina.An@mailmail.com
Hayley,Shama,50,worker,TRUE,ts,Hayley.Shama@mailmail.com
Cherrita,Smitt,25,worker,FALSE,"java,react",Cherrita.Smitt@mailmail.com
Jenda,Vharat,32,worker,TRUE,"react,react",Jenda.Vharat@mailmail.com
Caritta,Azeria,51,worker,FALSE,"ts,python",Caritta.Azeria@mailmail.com
Gabriellia,Sperling,49,developer,TRUE,"js,java",Gabriellia.Sperling@mailmail.com
Marleah,Dowski,10,worker,FALSE,js,Marleah.Dowski@mailmail.com
Brynna,Ramona,15,Recruitment,FALSE,"typescript,javascript",Brynna.Ramona@mailmail.com
Ayn,Lacombe,44,worker,FALSE,ts,Ayn.Lacombe@mailmail.com
Dione,Florina,59,Developers,FALSE,ts,Dione.Florina@mailmail.com
Lindie,Aurelio,68,Developers,FALSE,"py,java,ts",Lindie.Aurelio@mailmail.com
Lanna,Ajay,70,developer,TRUE,typescript,Lanna.Ajay@mailmail.com
Jaclyn,Prober,86,Developers,FALSE,"react,react,js",Jaclyn.Prober@mailmail.com
Starla,Marsden,2,worker,TRUE,"java,react",Starla.Marsden@mailmail.com
Farrah,Wadell,27,developer,FALSE,"js,react",Farrah.Wadell@mailmail.com
Tonia,Faust,75,Developers,TRUE,python,Tonia.Faust@mailmail.com
Zia,Rhu,6,Developers,TRUE,react,Zia.Rhu@mailmail.com
Cherrita,Tound,49,HR,FALSE,"react,py,python",Cherrita.Tound@mailmail.com
Tatiania,Gualtiero,74,HR,TRUE,"python,java,python",Tatiania.Gualtiero@mailmail.com
Britni,Gordon,93,HR,FALSE,"java,py",Britni.Gordon@mailmail.com
Di,Gualtiero,73,developer,TRUE,py,Di.Gualtiero@mailmail.com
Ursulina,Marsden,55,Recruitment,FALSE,py,Ursulina.Marsden@mailmail.com
Jenda,Love,74,worker,FALSE,"js,javascript",Jenda.Love@mailmail.com
Collen,Astra,36,Recruitment,FALSE,"js,java",Collen.Astra@mailmail.com
Joceline,Billye,15,Developers,TRUE,java,Joceline.Billye@mailmail.com
Susette,Edee,32,Recruitment,TRUE,"java,javascript",Susette.Edee@mailmail.com
Sam,Infield,84,Developers,TRUE,"python,ts,ts",Sam.Infield@mailmail.com
Carilyn,Tengdin,55,Recruitment,TRUE,"react,javascript,react",Carilyn.Tengdin@mailmail.com
Darci,Nikaniki,59,Developers,TRUE,"java,javascript",Darci.Nikaniki@mailmail.com
Dennie,Florina,55,HR,TRUE,"java,python,python",Dennie.Florina@mailmail.com
Etta,Celestine,26,Recruitment,TRUE,"javascript,javascript",Etta.Celestine@mailmail.com
Kassey,Glenden,22,developer,FALSE,"js,java,py",Kassey.Glenden@mailmail.com
Lilith,Zeeba,3,Developers,TRUE,"java,javascript,python",Lilith.Zeeba@mailmail.com
Sybille,Kalinda,36,Developers,TRUE,typescript,Sybille.Kalinda@mailmail.com
Elie,Markman,18,Recruitment,TRUE,react,Elie.Markman@mailmail.com
Rori,Publia,90,developer,TRUE,typescript,Rori.Publia@mailmail.com
Dawn,Persse,28,worker,FALSE,"javascript,react",Dawn.Persse@mailmail.com
Britte,Engdahl,21,Developers,FALSE,"java,py",Britte.Engdahl@mailmail.com
Adriana,Tjon,63,Developers,FALSE,"javascript,javascript,react",Adriana.Tjon@mailmail.com
Sean,Norvol,68,HR,FALSE,react,Sean.Norvol@mailmail.com
Gabi,Kazimir,70,Developers,TRUE,"python,ts,react",Gabi.Kazimir@mailmail.com
Lacie,Khorma,63,developer,TRUE,py,Lacie.Khorma@mailmail.com
Christian,Maryanne,8,worker,TRUE,"javascript,python,python",Christian.Maryanne@mailmail.com
Georgetta,Beniamino,4,Recruitment,FALSE,react,Georgetta.Beniamino@mailmail.com
Chloris,Devlen,49,developer,FALSE,typescript,Chloris.Devlen@mailmail.com
Henriette,Brian,92,Developers,FALSE,js,Henriette.Brian@mailmail.com
Justinn,Kare,17,HR,TRUE,js,Justinn.Kare@mailmail.com
Cyb,Decato,84,HR,TRUE,ts,Cyb.Decato@mailmail.com
Adele,Clara,30,HR,FALSE,"python,ts,python",Adele.Clara@mailmail.com
Carolina,Prouty,3,developer,TRUE,"javascript,typescript",Carolina.Prouty@mailmail.com
Cecile,Margarete,8,Developers,TRUE,"javascript,java,python",Cecile.Margarete@mailmail.com
Korrie,Kannry,11,worker,TRUE,"py,py",Korrie.Kannry@mailmail.com
Vere,Iaverne,68,worker,TRUE,"react,react",Vere.Iaverne@mailmail.com
Roslyn,Drus,8,worker,FALSE,javascript,Roslyn.Drus@mailmail.com
Gale,Devlen,35,Recruitment,FALSE,typescript,Gale.Devlen@mailmail.com
Joeann,Kendrick,34,Developers,TRUE,ts,Joeann.Kendrick@mailmail.com
Nananne,Wooster,48,worker,TRUE,"python,javascript",Nananne.Wooster@mailmail.com
Nariko,Dorcy,54,developer,FALSE,py,Nariko.Dorcy@mailmail.com
Leeanne,Tice,67,Developers,TRUE,"java,javascript",Leeanne.Tice@mailmail.com
Moyna,Adrienne,88,HR,TRUE,javascript,Moyna.Adrienne@mailmail.com
Joelly,Dorcy,34,Recruitment,FALSE,"javascript,javascript,python",Joelly.Dorcy@mailmail.com
Jacquetta,Ramona,4,HR,FALSE,"javascript,js",Jacquetta.Ramona@mailmail.com
Caressa,Sacken,65,worker,TRUE,"typescript,ts,typescript",Caressa.Sacken@mailmail.com
Shirlee,Wind,16,Developers,TRUE,"js,ts,react",Shirlee.Wind@mailmail.com
Mireielle,Killigrew,61,Recruitment,TRUE,"py,py",Mireielle.Killigrew@mailmail.com
Cathyleen,Stefa,7,HR,TRUE,react,Cathyleen.Stefa@mailmail.com
Misha,Wyn,56,developer,FALSE,react,Misha.Wyn@mailmail.com
Amelia,Redmond,54,worker,FALSE,"python,js",Amelia.Redmond@mailmail.com
Joleen,Libna,56,developer,TRUE,java,Joleen.Libna@mailmail.com
Dari,Burkle,28,HR,FALSE,"java,python,java",Dari.Burkle@mailmail.com
Carolina,Kaja,20,worker,TRUE,javascript,Carolina.Kaja@mailmail.com
Fanchon,Nunci,42,HR,TRUE,"py,typescript",Fanchon.Nunci@mailmail.com
Georgina,Smitt,32,Recruitment,FALSE,"react,py,typescript",Georgina.Smitt@mailmail.com
Lauryn,Chaing,89,worker,FALSE,"typescript,javascript",Lauryn.Chaing@mailmail.com
Stephanie,Peti,59,Developers,TRUE,"javascript,java",Stephanie.Peti@mailmail.com
Orelia,Hermes,88,HR,FALSE,typescript,Orelia.Hermes@mailmail.com
Damaris,Dowski,20,developer,TRUE,"js,ts",Damaris.Dowski@mailmail.com
Maisey,Dunkin,96,Developers,TRUE,"python,js",Maisey.Dunkin@mailmail.com
Atlanta,Craggie,49,Developers,TRUE,javascript,Atlanta.Craggie@mailmail.com
Juliane,Kristi,21,worker,FALSE,"ts,react,ts",Juliane.Kristi@mailmail.com
Madalyn,Bakerman,72,worker,TRUE,javascript,Madalyn.Bakerman@mailmail.com
Lisette,Felizio,51,Recruitment,TRUE,react,Lisette.Felizio@mailmail.com
Raf,Sandye,28,Developers,TRUE,"js,python",Raf.Sandye@mailmail.com
Viviene,Lymann,34,Recruitment,TRUE,"python,java",Viviene.Lymann@mailmail.com
Sonni,Nahum,66,Developers,TRUE,"java,javascript,py",Sonni.Nahum@mailmail.com
Nikki,Lauraine,59,Recruitment,FALSE,"react,java",Nikki.Lauraine@mailmail.com
Cyndie,Voletta,9,HR,TRUE,"typescript,js,js",Cyndie.Voletta@mailmail.com
Dania,Keelia,34,developer,FALSE,java,Dania.Keelia@mailmail.com
Veda,Darbie,23,HR,TRUE,python,Veda.Darbie@mailmail.com
Juliane,Milde,39,HR,TRUE,"javascript,java",Juliane.Milde@mailmail.com
Carol-Jean,Whittaker,55,Recruitment,TRUE,"javascript,typescript,javascript",Carol-Jean.Whittaker@mailmail.com
Raquela,Posner,13,Developers,FALSE,react,Raquela.Posner@mailmail.com
Sharai,Argus,42,worker,TRUE,react,Sharai.Argus@mailmail.com
Esmeralda,Tiffa,50,worker,TRUE,python,Esmeralda.Tiffa@mailmail.com
Sandie,Dominy,80,Developers,FALSE,"java,javascript",Sandie.Dominy@mailmail.com
Alex,Vastah,83,developer,TRUE,"java,python",Alex.Vastah@mailmail.com
Odessa,Abbot,75,HR,FALSE,"py,py,java",Odessa.Abbot@mailmail.com
Justinn,Letsou,49,Developers,FALSE,"typescript,react",Justinn.Letsou@mailmail.com
Sara-Ann,Estella,93,developer,TRUE,"javascript,python,javascript",Sara-Ann.Estella@mailmail.com
Kerrin,Klotz,74,HR,FALSE,"typescript,javascript",Kerrin.Klotz@mailmail.com
Merle,Georgy,69,worker,FALSE,"typescript,ts",Merle.Georgy@mailmail.com
Jacenta,Fiann,63,Developers,FALSE,"js,ts",Jacenta.Fiann@mailmail.com
Arlena,Rodmann,30,Developers,FALSE,"python,javascript",Arlena.Rodmann@mailmail.com
Tamqrah,Timon,56,developer,TRUE,"typescript,java,javascript",Tamqrah.Timon@mailmail.com
Cyb,Ardeha,45,Developers,FALSE,typescript,Cyb.Ardeha@mailmail.com
Lorie,Bigner,57,worker,FALSE,"ts,java,js",Lorie.Bigner@mailmail.com
Jasmina,Madelene,60,Developers,FALSE,typescript,Jasmina.Madelene@mailmail.com
Alyda,Camden,70,Developers,FALSE,"java,python",Alyda.Camden@mailmail.com
Dode,Israeli,51,Developers,FALSE,"react,java",Dode.Israeli@mailmail.com
Inga,Himelman,67,HR,TRUE,"js,typescript,javascript",Inga.Himelman@mailmail.com
Lila,Bashemeth,25,developer,TRUE,"java,javascript",Lila.Bashemeth@mailmail.com
Imojean,Paton,57,HR,FALSE,python,Imojean.Paton@mailmail.com
Merry,Durware,10,Developers,FALSE,"py,python,java",Merry.Durware@mailmail.com
Shaine,Suzetta,11,Developers,FALSE,"react,react",Shaine.Suzetta@mailmail.com
Darlleen,Keily,49,Recruitment,FALSE,ts,Darlleen.Keily@mailmail.com
Jolyn,Alabaster,53,Recruitment,TRUE,"js,javascript",Jolyn.Alabaster@mailmail.com
Kirstin,Isacco,13,worker,FALSE,"python,ts",Kirstin.Isacco@mailmail.com
Dorothy,Penelopa,27,Recruitment,TRUE,"js,python,javascript",Dorothy.Penelopa@mailmail.com
Brandise,Zola,68,HR,FALSE,"py,js,react",Brandise.Zola@mailmail.com
Belinda,Poll,9,Developers,FALSE,"javascript,py,react",Belinda.Poll@mailmail.com
Alie,Vacuva,42,Developers,FALSE,java,Alie.Vacuva@mailmail.com
Violet,Munn,22,Developers,TRUE,"python,py",Violet.Munn@mailmail.com
Verla,Kamaria,1,developer,TRUE,"javascript,react,ts",Verla.Kamaria@mailmail.com
Clarice,Ahab,87,worker,FALSE,"java,js",Clarice.Ahab@mailmail.com
Orelia,Ajay,33,Developers,FALSE,py,Orelia.Ajay@mailmail.com
Ardeen,Wandie,95,developer,TRUE,typescript,Ardeen.Wandie@mailmail.com
Bobinette,Sasnett,17,Developers,TRUE,"ts,js,react",Bobinette.Sasnett@mailmail.com
Kore,Pitt,90,HR,FALSE,"python,py,ts",Kore.Pitt@mailmail.com
Gaylene,Izaak,72,developer,TRUE,typescript,Gaylene.Izaak@mailmail.com
Tressa,Ariella,61,Recruitment,FALSE,"javascript,ts,react",Tressa.Ariella@mailmail.com
Elise,Gert,89,Developers,FALSE,"ts,javascript",Elise.Gert@mailmail.com
Kimberley,Cornelia,5,worker,FALSE,"react,java,javascript",Kimberley.Cornelia@mailmail.com
Amii,Ethban,94,HR,FALSE,python,Amii.Ethban@mailmail.com
Karlee,Garrison,22,Recruitment,FALSE,"javascript,python,py",Karlee.Garrison@mailmail.com
Fanchon,Ciapas,4,Recruitment,FALSE,"js,java",Fanchon.Ciapas@mailmail.com
Lynea,Phyllis,51,developer,TRUE,"js,react",Lynea.Phyllis@mailmail.com
Zondra,Brunell,28,worker,FALSE,js,Zondra.Brunell@mailmail.com
Modestia,Yorick,94,Developers,FALSE,"ts,javascript",Modestia.Yorick@mailmail.com
Nessie,Heidt,18,HR,FALSE,"python,java",Nessie.Heidt@mailmail.com
Clary,Verger,8,HR,FALSE,"python,javascript,ts",Clary.Verger@mailmail.com
Anica,Longfellow,71,HR,FALSE,"python,ts,java",Anica.Longfellow@mailmail.com
Alex,Tjon,42,HR,FALSE,"typescript,typescript,js",Alex.Tjon@mailmail.com
Mathilda,Vittoria,39,Recruitment,TRUE,"java,javascript",Mathilda.Vittoria@mailmail.com
Lenna,Merriott,100,Recruitment,TRUE,java,Lenna.Merriott@mailmail.com
Brianna,Bebe,83,developer,TRUE,"ts,java",Brianna.Bebe@mailmail.com
Chickie,Dash,98,HR,FALSE,"javascript,react",Chickie.Dash@mailmail.com
Tarra,Jeanne,44,worker,TRUE,"typescript,typescript,ts",Tarra.Jeanne@mailmail.com
Elka,Giff,82,Developers,FALSE,py,Elka.Giff@mailmail.com
Ninnetta,Lenny,80,HR,FALSE,"typescript,react",Ninnetta.Lenny@mailmail.com
Alleen,Agle,15,Recruitment,FALSE,"react,react",Alleen.Agle@mailmail.com
Annabela,Fancie,15,HR,TRUE,ts,Annabela.Fancie@mailmail.com
Kaia,Abernon,86,Developers,TRUE,ts,Kaia.Abernon@mailmail.com
Selma,Ursulette,4,worker,FALSE,"py,java",Selma.Ursulette@mailmail.com
Viki,Zamora,97,HR,FALSE,"react,ts,ts",Viki.Zamora@mailmail.com
Annabela,Bord,98,developer,TRUE,py,Annabela.Bord@mailmail.com
Tabbatha,Aurelio,15,developer,FALSE,ts,Tabbatha.Aurelio@mailmail.com
Sheree,Camden,62,HR,TRUE,ts,Sheree.Camden@mailmail.com
Carlie,Selway,39,worker,FALSE,"javascript,react,ts",Carlie.Selway@mailmail.com
Suzette,Plato,95,developer,FALSE,javascript,Suzette.Plato@mailmail.com
Annora,Deegan,71,Developers,FALSE,"ts,react,react",Annora.Deegan@mailmail.com
Caryl,Zeeba,78,Developers,FALSE,"python,ts,py",Caryl.Zeeba@mailmail.com
Karlee,Hertzfeld,36,worker,TRUE,"javascript,javascript",Karlee.Hertzfeld@mailmail.com
Malina,Raseda,10,worker,FALSE,"js,react",Malina.Raseda@mailmail.com
Carmela,Breed,64,HR,TRUE,js,Carmela.Breed@mailmail.com
Modestia,Weaks,81,worker,TRUE,"py,js,javascript",Modestia.Weaks@mailmail.com
Jenilee,Chaing,47,worker,FALSE,py,Jenilee.Chaing@mailmail.com
Daphne,Wooster,16,Recruitment,FALSE,"python,js",Daphne.Wooster@mailmail.com
Myrtice,Schalles,95,Developers,TRUE,python,Myrtice.Schalles@mailmail.com
Tracey,Devlen,17,developer,TRUE,"python,react",Tracey.Devlen@mailmail.com
Rayna,Maroney,9,worker,TRUE,"python,javascript,react",Rayna.Maroney@mailmail.com
Rosabelle,Ahab,19,HR,FALSE,"js,javascript,py",Rosabelle.Ahab@mailmail.com
Oralee,Kinnard,35,Recruitment,FALSE,"javascript,java",Oralee.Kinnard@mailmail.com
Adelle,Naor,58,Recruitment,TRUE,"js,py",Adelle.Naor@mailmail.com
Vinita,Clara,7,Recruitment,FALSE,"java,react,javascript",Vinita.Clara@mailmail.com
Rhoda,Hanleigh,93,Developers,TRUE,"js,ts,java",Rhoda.Hanleigh@mailmail.com
Brana,Couture,50,Recruitment,FALSE,"python,react",Brana.Couture@mailmail.com
Selma,Cornelia,75,Recruitment,FALSE,"ts,ts",Selma.Cornelia@mailmail.com
Merci,Gahl,68,worker,TRUE,"javascript,typescript",Merci.Gahl@mailmail.com
Bettine,Brenn,73,HR,TRUE,"javascript,js,java",Bettine.Brenn@mailmail.com
Sheelagh,Standing,35,Recruitment,TRUE,"js,py,py",Sheelagh.Standing@mailmail.com
Gretal,Alabaster,13,HR,FALSE,"react,typescript,ts",Gretal.Alabaster@mailmail.com
Gilda,Pettiford,48,Recruitment,FALSE,py,Gilda.Pettiford@mailmail.com
Dolli,Frodi,2,developer,TRUE,"ts,js,ts",Dolli.Frodi@mailmail.com
Annabela,Sikorski,55,Developers,TRUE,"js,javascript,python",Annabela.Sikorski@mailmail.com
Ada,Randene,13,worker,FALSE,"react,ts",Ada.Randene@mailmail.com
Alyssa,Iaverne,27,HR,TRUE,"js,ts",Alyssa.Iaverne@mailmail.com
Wileen,Amand,19,worker,FALSE,"typescript,ts",Wileen.Amand@mailmail.com
Maud,Atonsah,99,worker,TRUE,"python,react",Maud.Atonsah@mailmail.com
Josephine,Desai,52,Developers,TRUE,"java,js",Josephine.Desai@mailmail.com
Kimmy,Ajay,52,HR,TRUE,typescript,Kimmy.Ajay@mailmail.com
Layla,Campball,50,Developers,TRUE,"js,js,react",Layla.Campball@mailmail.com
Kathi,Junie,41,Developers,TRUE,"py,python",Kathi.Junie@mailmail.com
Clarice,Jacobah,26,Recruitment,TRUE,"ts,react",Clarice.Jacobah@mailmail.com
Xylina,Fink,58,HR,TRUE,js,Xylina.Fink@mailmail.com
Trudie,Margarete,48,Recruitment,TRUE,"py,py,typescript",Trudie.Margarete@mailmail.com
Florencia,Linehan,86,Recruitment,FALSE,"py,py",Florencia.Linehan@mailmail.com
Rayna,Alarise,93,HR,FALSE,"javascript,py,ts",Rayna.Alarise@mailmail.com
Paola,Konyn,8,worker,FALSE,"javascript,py,python",Paola.Konyn@mailmail.com
Esmeralda,Melony,90,worker,TRUE,"js,javascript,ts",Esmeralda.Melony@mailmail.com
Britte,Brackely,16,worker,TRUE,"python,python",Britte.Brackely@mailmail.com
Goldie,Xerxes,31,Developers,TRUE,"javascript,javascript,react",Goldie.Xerxes@mailmail.com
Renae,Heisel,32,HR,TRUE,"react,javascript,javascript",Renae.Heisel@mailmail.com
Phylis,Bergman,62,HR,TRUE,"java,typescript,javascript",Phylis.Bergman@mailmail.com
Jasmina,Yusuk,78,Recruitment,FALSE,"ts,py,java",Jasmina.Yusuk@mailmail.com
Dulce,Olin,35,worker,TRUE,python,Dulce.Olin@mailmail.com
Hallie,Chick,59,Recruitment,TRUE,"js,python",Hallie.Chick@mailmail.com
Myriam,Gaal,54,worker,FALSE,"js,js",Myriam.Gaal@mailmail.com
Deloria,Schenck,16,HR,FALSE,"py,python,js",Deloria.Schenck@mailmail.com
Jessamyn,Havens,30,worker,FALSE,ts,Jessamyn.Havens@mailmail.com
Audrie,Parsaye,67,Developers,TRUE,python,Audrie.Parsaye@mailmail.com
Beverley,Zina,16,Developers,FALSE,py,Beverley.Zina@mailmail.com
Letizia,Erb,45,Recruitment,FALSE,typescript,Letizia.Erb@mailmail.com
Elbertina,Buffum,38,developer,FALSE,"javascript,java,typescript",Elbertina.Buffum@mailmail.com
Livvyy,Brenn,67,HR,TRUE,"py,js",Livvyy.Brenn@mailmail.com
Lorenza,Brittani,11,HR,FALSE,py,Lorenza.Brittani@mailmail.com
Paule,Macey,62,HR,FALSE,js,Paule.Macey@mailmail.com
Carmencita,Cullin,86,developer,TRUE,"java,typescript,js",Carmencita.Cullin@mailmail.com
Katuscha,Atcliffe,81,developer,FALSE,typescript,Katuscha.Atcliffe@mailmail.com
Isa,Karna,55,developer,TRUE,python,Isa.Karna@mailmail.com
Jasmina,Phyllis,41,Recruitment,FALSE,"react,javascript",Jasmina.Phyllis@mailmail.com
Marinna,Dex,69,Recruitment,FALSE,py,Marinna.Dex@mailmail.com
Marika,Wenoa,79,HR,FALSE,"ts,typescript",Marika.Wenoa@mailmail.com
Tarra,Vilma,12,worker,TRUE,"py,ts,python",Tarra.Vilma@mailmail.com
Linet,Chapland,89,HR,TRUE,"python,react",Linet.Chapland@mailmail.com
Roseline,Wyn,35,HR,FALSE,python,Roseline.Wyn@mailmail.com
Madelle,Grobe,27,worker,FALSE,java,Madelle.Grobe@mailmail.com
Janeczka,Kalinda,40,HR,FALSE,ts,Janeczka.Kalinda@mailmail.com
Stephanie,Lamoree,81,Developers,TRUE,typescript,Stephanie.Lamoree@mailmail.com
Jemie,Pyle,1,worker,TRUE,react,Jemie.Pyle@mailmail.com
Raf,Guthrie,32,worker,TRUE,"ts,py,javascript",Raf.Guthrie@mailmail.com
Rhoda,Jess,3,worker,FALSE,"js,javascript",Rhoda.Jess@mailmail.com
Lisette,Abram,95,developer,FALSE,py,Lisette.Abram@mailmail.com
Penelopa,Harriman,15,Developers,FALSE,"ts,typescript,typescript",Penelopa.Harriman@mailmail.com
Eugine,Leary,86,Developers,TRUE,"ts,js",Eugine.Leary@mailmail.com
Caressa,Bach,19,Developers,FALSE,js,Caressa.Bach@mailmail.com
Viki,Konyn,76,HR,FALSE,py,Viki.Konyn@mailmail.com
Linzy,Woodberry,18,worker,TRUE,"java,ts",Linzy.Woodberry@mailmail.com
Joane,Ezar,16,Recruitment,TRUE,"ts,java,react",Joane.Ezar@mailmail.com
Carolina,Celestine,89,worker,FALSE,python,Carolina.Celestine@mailmail.com
Valera,Adlare,27,Recruitment,FALSE,"py,react",Valera.Adlare@mailmail.com
Petronia,Sinegold,76,worker,FALSE,"ts,javascript",Petronia.Sinegold@mailmail.com
Chastity,Hebner,99,Recruitment,TRUE,python,Chastity.Hebner@mailmail.com
Tomasina,Lane,42,Developers,TRUE,python,Tomasina.Lane@mailmail.com
Nonnah,Etom,48,worker,FALSE,typescript,Nonnah.Etom@mailmail.com
Georgina,Juliet,6,HR,FALSE,js,Georgina.Juliet@mailmail.com
Marita,Scammon,47,HR,TRUE,"java,java",Marita.Scammon@mailmail.com
Jan,Marden,36,worker,TRUE,java,Jan.Marden@mailmail.com
Madalyn,Dominy,47,developer,FALSE,"java,ts",Madalyn.Dominy@mailmail.com
Ira,Berl,90,developer,TRUE,"python,java",Ira.Berl@mailmail.com
Sara-Ann,Garek,41,HR,TRUE,javascript,Sara-Ann.Garek@mailmail.com
Lyssa,Durware,29,HR,TRUE,"ts,typescript,java",Lyssa.Durware@mailmail.com
Pamella,Aloise,29,HR,TRUE,"java,python",Pamella.Aloise@mailmail.com
Malina,Pillsbury,7,HR,FALSE,"react,js,python",Malina.Pillsbury@mailmail.com
Ivett,Belanger,74,developer,TRUE,python,Ivett.Belanger@mailmail.com
Inga,Nadia,51,worker,FALSE,ts,Inga.Nadia@mailmail.com
Ayn,Huggins,72,Developers,TRUE,js,Ayn.Huggins@mailmail.com
Lanae,Fairweather,7,worker,FALSE,"python,python",Lanae.Fairweather@mailmail.com
Cindelyn,Zola,77,Developers,FALSE,"java,javascript",Cindelyn.Zola@mailmail.com
Roslyn,Malvino,72,Developers,FALSE,"js,javascript",Roslyn.Malvino@mailmail.com
Agnese,Tacye,28,developer,TRUE,"python,java,ts",Agnese.Tacye@mailmail.com
Sheelagh,Larochelle,61,worker,TRUE,"js,typescript,typescript",Sheelagh.Larochelle@mailmail.com
Aubrie,Madaih,6,Developers,TRUE,python,Aubrie.Madaih@mailmail.com
Brana,Nedrud,30,Recruitment,FALSE,javascript,Brana.Nedrud@mailmail.com
Beth,Chauncey,38,Recruitment,FALSE,python,Beth.Chauncey@mailmail.com
Alyda,Lenny,65,Developers,TRUE,ts,Alyda.Lenny@mailmail.com
Lilith,Gaulin,29,developer,FALSE,"python,ts",Lilith.Gaulin@mailmail.com
Madelle,Ursulette,82,Developers,FALSE,js,Madelle.Ursulette@mailmail.com
Ninnetta,Jammal,5,Recruitment,FALSE,"ts,js",Ninnetta.Jammal@mailmail.com
Aimil,Si,58,Developers,TRUE,"ts,py,javascript",Aimil.Si@mailmail.com
Lita,Rogerio,7,Developers,FALSE,java,Lita.Rogerio@mailmail.com
Jordan,Fairweather,55,developer,FALSE,"react,python",Jordan.Fairweather@mailmail.com
Cacilie,Diann,94,developer,FALSE,"python,python",Cacilie.Diann@mailmail.com
Raf,Freddi,52,HR,FALSE,"js,py",Raf.Freddi@mailmail.com
Modestia,Pillsbury,43,Developers,FALSE,"py,react,py",Modestia.Pillsbury@mailmail.com
Adriana,Earlie,8,developer,TRUE,typescript,Adriana.Earlie@mailmail.com
